Draw,Date,Pick3
0,20190101,444
1,20190101,485
0,20190102,103
1,20190102,485
0,20190103,309
1,20190103,644
0,20190104,178
1,20190104,188
0,20190105,922
1,20190105,728
0,20190106,862
1,20190106,916
0,20190107,952
1,20190107,312
0,20190108,401
1,20190108,844
0,20190109,64
1,20190109,451
0,20190110,48
1,20190110,94
0,20190111,61
1,20190111,305
0,20190112,374
1,20190112,940
0,20190113,827
1,20190113,109
0,20190114,220
1,20190114,650
0,20190115,906
1,20190115,389
0,20190116,793
1,20190116,560
0,20190117,202
1,20190117,809
0,20190118,693
1,20190118,123
0,20190119,858
1,20190119,752
0,20190120,79
1,20190120,646
0,20190121,925
1,20190121,303
0,20190122,725
1,20190122,493
0,20190123,343
1,20190123,541
0,20190124,44
1,20190124,136
0,20190125,58
1,20190125,218
0,20190126,539
1,20190126,42
0,20190127,920
1,20190127,440
0,20190128,64
1,20190128,66
0,20190129,335
1,20190129,67
0,20190130,813
1,20190130,691
0,20190131,568
1,20190131,766
0,20190201,873
1,20190201,780
0,20190202,383
1,20190202,288
0,20190203,391
1,20190203,45
0,20190204,891
1,20190204,240
0,20190205,794
1,20190205,874
0,20190206,250
1,20190206,961
0,20190207,770
1,20190207,618
0,20190208,283
1,20190208,562
0,20190209,378
1,20190209,291
0,20190210,703
1,20190210,533
0,20190211,696
1,20190211,108
0,20190212,491
1,20190212,62
0,20190213,854
1,20190213,134
0,20190214,170
1,20190214,963
0,20190215,778
1,20190215,499
0,20190216,651
1,20190216,301
0,20190217,252
1,20190217,40
0,20190218,840
1,20190218,581
0,20190219,768
1,20190219,193
0,20190220,689
1,20190220,568
0,20190221,924
1,20190221,155
0,20190222,885
1,20190222,507
0,20190223,582
1,20190223,853
0,20190224,363
1,20190224,27
0,20190225,419
1,20190225,821
0,20190226,591
1,20190226,603
0,20190227,48
1,20190227,691
0,20190228,414
1,20190228,274
0,20190301,250
1,20190301,11
0,20190302,555
1,20190302,755
0,20190303,471
1,20190303,205
0,20190304,252
1,20190304,980
0,20190305,202
1,20190305,335
0,20190306,289
1,20190306,289
0,20190307,378
1,20190307,221
0,20190308,401
1,20190308,715
0,20190309,989
1,20190309,103
0,20190310,193
1,20190310,312
0,20190311,741
1,20190311,439
0,20190312,112
1,20190312,570
0,20190313,525
1,20190313,520
0,20190314,119
1,20190314,830
0,20190315,899
1,20190315,736
0,20190316,48
1,20190316,276
0,20190317,225
1,20190317,747
0,20190318,771
1,20190318,866
0,20190319,594
1,20190319,714
0,20190320,347
1,20190320,448
0,20190321,205
1,20190321,747
0,20190322,116
1,20190322,39
0,20190323,366
1,20190323,637
0,20190324,988
1,20190324,748
0,20190325,592
1,20190325,531
0,20190326,884
1,20190326,81
0,20190327,888
1,20190327,57
0,20190328,493
1,20190328,113
0,20190329,809
1,20190329,207
0,20190330,283
1,20190330,574
0,20190331,397
1,20190331,190
0,20190401,575
1,20190401,674
0,20190402,345
1,20190402,471
0,20190403,511
1,20190403,902
0,20190404,656
1,20190404,603
0,20190405,935
1,20190405,213
0,20190406,578
1,20190406,912
0,20190407,943
1,20190407,64
0,20190408,90
1,20190408,322
0,20190409,95
1,20190409,765
0,20190410,983
1,20190410,423
0,20190411,807
1,20190411,176
0,20190412,130
1,20190412,547
0,20190413,86
1,20190413,554
0,20190414,683
1,20190414,888
0,20190415,508
1,20190415,583
0,20190416,587
1,20190416,722
0,20190417,560
1,20190417,575
0,20190418,904
1,20190418,161
0,20190419,586
1,20190419,290
0,20190420,923
1,20190420,193
0,20190421,261
1,20190421,557
0,20190422,742
1,20190422,99
0,20190423,965
1,20190423,137
0,20190424,307
1,20190424,584
0,20190425,394
1,20190425,530
0,20190426,593
1,20190426,32
0,20190427,568
1,20190427,8
0,20190428,508
1,20190428,813
0,20190429,167
1,20190429,358
0,20190430,507
1,20190430,885
0,20190501,358
1,20190501,604
0,20190502,162
1,20190502,868
0,20190503,56
1,20190503,417
0,20190504,161
1,20190504,247
0,20190505,510
1,20190505,804
0,20190506,551
1,20190506,889
0,20190507,235
1,20190507,331
0,20190508,403
1,20190508,7
0,20190509,970
1,20190509,720
0,20190510,95
1,20190510,235
0,20190511,420
1,20190511,934
0,20190512,28
1,20190512,224
0,20190513,891
1,20190513,125
0,20190514,155
1,20190514,48
0,20190515,586
1,20190515,790
0,20190516,977
1,20190516,52
0,20190517,38
1,20190517,972
0,20190518,224
1,20190518,231
0,20190519,178
1,20190519,695
0,20190520,893
1,20190520,731
0,20190521,735
1,20190521,987
0,20190522,920
1,20190522,290
0,20190523,854
1,20190523,445
0,20190524,969
1,20190524,333
0,20190525,265
1,20190525,731
0,20190526,744
1,20190526,825
0,20190527,366
1,20190527,775
0,20190528,834
1,20190528,343
0,20190529,626
1,20190529,322
0,20190530,31
1,20190530,958
0,20190531,866
1,20190531,286
0,20190601,793
1,20190601,713
0,20190602,335
1,20190602,310
0,20190603,131
1,20190603,75
0,20190604,446
1,20190604,706
0,20190605,96
1,20190605,497
0,20190606,343
1,20190606,96
0,20190607,92
1,20190607,274
0,20190608,339
1,20190608,180
0,20190609,221
1,20190609,505
0,20190610,6
1,20190610,721
0,20190611,22
1,20190611,934
0,20190612,737
1,20190612,150
0,20190613,178
1,20190613,231
0,20190614,544
1,20190614,305
0,20190615,55
1,20190615,217
0,20190616,27
1,20190616,794
0,20190617,78
1,20190617,827
0,20190618,338
1,20190618,104
0,20190619,138
1,20190619,451
0,20190620,581
1,20190620,465
0,20190621,795
1,20190621,978
0,20190622,493
1,20190622,218
0,20190623,119
1,20190623,510
0,20190624,983
1,20190624,627
0,20190625,718
1,20190625,419
0,20190626,350
1,20190626,659
0,20190627,773
1,20190627,728
0,20190628,167
1,20190628,284
0,20190629,180
1,20190629,201
0,20190630,198
1,20190630,55
0,20190701,177
1,20190701,998
0,20190702,268
1,20190702,760
0,20190703,543
1,20190703,217
0,20190704,475
1,20190704,605
0,20190705,74
1,20190705,750
0,20190706,311
1,20190706,85
0,20190707,174
1,20190707,194
0,20190708,175
1,20190708,245
0,20190709,816
1,20190709,397
0,20190710,553
1,20190710,17
0,20190711,43
1,20190711,84
0,20190712,613
1,20190712,544
0,20190713,703
1,20190713,920
0,20190714,801
1,20190714,154
0,20190715,190
1,20190715,769
0,20190716,198
1,20190716,345
0,20190717,282
1,20190717,214
0,20190718,269
1,20190718,708
0,20190719,113
1,20190719,70
0,20190720,711
1,20190720,832
0,20190721,876
1,20190721,621
0,20190722,218
1,20190722,127
0,20190723,891
1,20190723,198
0,20190724,589
1,20190724,447
0,20190725,241
1,20190725,964
0,20190726,947
1,20190726,240
0,20190727,983
1,20190727,510
0,20190728,142
1,20190728,83
0,20190729,369
1,20190729,673
0,20190730,546
1,20190730,431
0,20190731,342
1,20190731,397
0,20190801,125
1,20190801,254
0,20190802,279
1,20190802,493
0,20190803,986
1,20190803,189
0,20190804,382
1,20190804,785
0,20190805,46
1,20190805,342
0,20190806,738
1,20190806,817
0,20190807,430
1,20190807,173
0,20190808,392
1,20190808,156
0,20190809,448
1,20190809,818
0,20190810,130
1,20190810,270
0,20190811,926
1,20190811,896
0,20190812,905
1,20190812,111
0,20190813,704
1,20190813,949
0,20190814,912
1,20190814,107
0,20190815,261
1,20190815,509
0,20190816,823
1,20190816,290
0,20190817,499
1,20190817,143
0,20190818,585
1,20190818,485
0,20190819,960
1,20190819,475
0,20190820,51
1,20190820,3
0,20190821,325
1,20190821,679
0,20190822,658
1,20190822,789
0,20190823,604
1,20190823,329
0,20190824,222
1,20190824,385
0,20190825,715
1,20190825,285
0,20190826,351
1,20190826,426
0,20190827,10
1,20190827,854
0,20190828,510
1,20190828,52
0,20190829,455
1,20190829,954
0,20190830,84
1,20190830,793
0,20190831,956
1,20190831,76
0,20190901,790
1,20190901,4
0,20190902,212
1,20190902,722
0,20190903,716
1,20190903,120
0,20190904,362
1,20190904,988
0,20190905,448
1,20190905,210
0,20190906,76
1,20190906,785
0,20190907,6
1,20190907,146
0,20190908,820
1,20190908,406
0,20190909,855
1,20190909,362
0,20190910,663
1,20190910,66
0,20190911,216
1,20190911,41
0,20190912,190
1,20190912,151
0,20190913,900
1,20190913,497
0,20190914,579
1,20190914,154
0,20190915,801
1,20190915,742
0,20190916,191
1,20190916,536
0,20190917,947
1,20190917,882
0,20190918,325
1,20190918,985
0,20190919,390
1,20190919,150
0,20190920,507
1,20190920,831
0,20190921,50
1,20190921,618
0,20190922,591
1,20190922,968
0,20190923,0
1,20190923,531
0,20190924,908
1,20190924,607
0,20190925,48
1,20190925,901
0,20190926,103
1,20190926,272
0,20190927,434
1,20190927,891
0,20190928,688
1,20190928,624
0,20190929,469
1,20190929,832
0,20190930,577
1,20190930,185
0,20191001,513
1,20191001,127
0,20191002,675
1,20191002,477
0,20191003,87
1,20191003,444
0,20191004,360
1,20191004,895
0,20191005,609
1,20191005,354
0,20191006,20
1,20191006,104
0,20191007,669
1,20191007,664
0,20191008,629
1,20191008,584
0,20191009,528
1,20191009,810
0,20191010,235
1,20191010,62
0,20191011,820
1,20191011,627
0,20191012,853
1,20191012,935
0,20191013,593
1,20191013,519
0,20191014,290
1,20191014,168
0,20191015,716
1,20191015,656
0,20191016,695
1,20191016,360
0,20191017,519
1,20191017,144
0,20191018,638
1,20191018,711
0,20191019,87
1,20191019,812
0,20191020,444
1,20191020,895
0,20191021,41
1,20191021,381
0,20191022,500
1,20191022,984
0,20191023,787
1,20191023,663
0,20191024,260
1,20191024,151
0,20191025,920
1,20191025,630
0,20191026,104
1,20191026,561
0,20191027,777
1,20191027,716
0,20191028,852
1,20191028,910
0,20191029,221
1,20191029,204
0,20191030,600
1,20191030,944
0,20191031,90
1,20191031,931
0,20191101,908
1,20191101,978
0,20191102,201
1,20191102,65
0,20191103,115
1,20191103,837
0,20191104,597
1,20191104,614
0,20191105,581
1,20191105,206
0,20191106,942
1,20191106,654
0,20191107,575
1,20191107,376
0,20191108,698
1,20191108,322
0,20191109,293
1,20191109,421
0,20191110,612
1,20191110,368
0,20191111,211
1,20191111,45
0,20191112,128
1,20191112,376
0,20191113,261
1,20191113,135
0,20191114,581
1,20191114,243
0,20191115,13
1,20191115,531
0,20191116,440
1,20191116,136
0,20191117,736
1,20191117,380
0,20191118,443
1,20191118,330
0,20191119,630
1,20191119,437
0,20191120,779
1,20191120,546
0,20191121,904
1,20191121,361
0,20191122,375
1,20191122,17
0,20191123,328
1,20191123,790
0,20191124,167
1,20191124,568
0,20191125,904
1,20191125,971
0,20191126,948
1,20191126,775
0,20191127,33
1,20191127,114
0,20191128,48
1,20191128,189
0,20191129,376
1,20191129,811
0,20191130,222
1,20191130,686
0,20191201,111
1,20191201,643
0,20191202,984
1,20191202,874
0,20191203,810
1,20191203,101
0,20191204,804
1,20191204,701
0,20191205,781
1,20191205,661
0,20191206,616
1,20191206,452
0,20191207,425
1,20191207,20
0,20191208,879
1,20191208,117
0,20191209,813
1,20191209,31
0,20191210,394
1,20191210,525
0,20191211,280
1,20191211,550
0,20191212,642
1,20191212,812
0,20191213,472
1,20191213,488
0,20191214,988
1,20191214,125
0,20191215,254
1,20191215,363
0,20191216,273
1,20191216,108
0,20191217,991
1,20191217,592
0,20191218,906
1,20191218,793
0,20191219,854
1,20191219,350
0,20191220,750
1,20191220,605
0,20191221,642
1,20191221,74
0,20191222,76
1,20191222,988
0,20191223,422
1,20191223,83
0,20191224,821
1,20191224,176
0,20191225,720
1,20191225,813
0,20191226,130
1,20191226,658
0,20191227,867
1,20191227,76
0,20191228,785
1,20191228,111
0,20191229,172
1,20191229,219
0,20191230,354
1,20191230,655
0,20191231,699
1,20191231,257
0,20180101,164
1,20180101,95
0,20180102,685
1,20180102,292
0,20180103,790
1,20180103,587
0,20180104,16
1,20180104,123
0,20180105,655
1,20180105,999
0,20180106,396
1,20180106,952
0,20180107,984
1,20180107,561
0,20180108,710
1,20180108,773
0,20180109,971
1,20180109,912
0,20180110,406
1,20180110,13
0,20180111,906
1,20180111,985
0,20180112,742
1,20180112,29
0,20180113,57
1,20180113,147
0,20180114,677
1,20180114,479
0,20180115,372
1,20180115,672
0,20180116,385
1,20180116,514
0,20180117,581
1,20180117,975
0,20180118,799
1,20180118,224
0,20180119,512
1,20180119,156
0,20180120,9
1,20180120,595
0,20180121,609
1,20180121,406
0,20180122,866
1,20180122,447
0,20180123,352
1,20180123,15
0,20180124,908
1,20180124,623
0,20180125,254
1,20180125,767
0,20180126,660
1,20180126,997
0,20180127,821
1,20180127,563
0,20180128,249
1,20180128,719
0,20180129,349
1,20180129,762
0,20180130,35
1,20180130,206
0,20180131,226
1,20180131,875
0,20180201,219
1,20180201,365
0,20180202,746
1,20180202,581
0,20180203,947
1,20180203,441
0,20180204,379
1,20180204,65
0,20180205,338
1,20180205,970
0,20180206,913
1,20180206,643
0,20180207,633
1,20180207,856
0,20180208,94
1,20180208,74
0,20180209,394
1,20180209,61
0,20180210,599
1,20180210,254
0,20180211,930
1,20180211,341
0,20180212,466
1,20180212,611
0,20180213,891
1,20180213,834
0,20180214,245
1,20180214,871
0,20180215,651
1,20180215,135
0,20180216,939
1,20180216,274
0,20180217,711
1,20180217,328
0,20180218,603
1,20180218,157
0,20180219,587
1,20180219,294
0,20180220,166
1,20180220,767
0,20180221,529
1,20180221,924
0,20180222,60
1,20180222,98
0,20180223,591
1,20180223,812
0,20180224,622
1,20180224,748
0,20180225,999
1,20180225,239
0,20180226,584
1,20180226,266
0,20180227,958
1,20180227,937
0,20180228,641
1,20180228,5
0,20180301,812
1,20180301,814
0,20180302,272
1,20180302,8
0,20180303,562
1,20180303,289
0,20180304,244
1,20180304,194
0,20180305,91
1,20180305,7
0,20180306,644
1,20180306,293
0,20180307,804
1,20180307,8
0,20180308,85
1,20180308,470
0,20180309,492
1,20180309,351
0,20180310,461
1,20180310,729
0,20180311,749
1,20180311,490
0,20180312,202
1,20180312,453
0,20180313,713
1,20180313,362
0,20180314,198
1,20180314,281
0,20180315,479
1,20180315,973
0,20180316,13
1,20180316,222
0,20180317,728
1,20180317,629
0,20180318,507
1,20180318,420
0,20180319,98
1,20180319,996
0,20180320,240
1,20180320,398
0,20180321,979
1,20180321,421
0,20180322,159
1,20180322,759
0,20180323,746
1,20180323,224
0,20180324,808
1,20180324,495
0,20180325,333
1,20180325,655
0,20180326,604
1,20180326,452
0,20180327,258
1,20180327,477
0,20180328,452
1,20180328,932
0,20180329,250
1,20180329,670
0,20180330,646
1,20180330,184
0,20180331,305
1,20180331,457
0,20180401,734
1,20180401,255
0,20180402,236
1,20180402,218
0,20180403,406
1,20180403,384
0,20180404,30
1,20180404,465
0,20180405,809
1,20180405,186
0,20180406,637
1,20180406,616
0,20180407,291
1,20180407,905
0,20180408,658
1,20180408,179
0,20180409,850
1,20180409,10
0,20180410,748
1,20180410,206
0,20180411,321
1,20180411,630
0,20180412,563
1,20180412,790
0,20180413,553
1,20180413,158
0,20180414,478
1,20180414,12
0,20180415,822
1,20180415,203
0,20180416,609
1,20180416,537
0,20180417,702
1,20180417,721
0,20180418,70
1,20180418,72
0,20180419,467
1,20180419,211
0,20180420,991
1,20180420,314
0,20180421,550
1,20180421,51
0,20180422,255
1,20180422,497
0,20180423,314
1,20180423,42
0,20180424,420
1,20180424,161
0,20180425,312
1,20180425,307
0,20180426,559
1,20180426,318
0,20180427,788
1,20180427,994
0,20180428,230
1,20180428,239
0,20180429,690
1,20180429,660
0,20180430,691
1,20180430,456
0,20180501,396
1,20180501,154
0,20180502,11
1,20180502,445
0,20180503,803
1,20180503,182
0,20180504,444
1,20180504,87
0,20180505,903
1,20180505,99
0,20180506,306
1,20180506,847
0,20180507,985
1,20180507,677
0,20180508,5
1,20180508,920
0,20180509,180
1,20180509,643
0,20180510,239
1,20180510,801
0,20180511,293
1,20180511,554
0,20180512,323
1,20180512,815
0,20180513,698
1,20180513,630
0,20180514,81
1,20180514,751
0,20180515,323
1,20180515,123
0,20180516,592
1,20180516,489
0,20180517,142
1,20180517,913
0,20180518,307
1,20180518,517
0,20180519,139
1,20180519,28
0,20180520,373
1,20180520,632
0,20180521,781
1,20180521,938
0,20180522,582
1,20180522,917
0,20180523,949
1,20180523,118
0,20180524,791
1,20180524,364
0,20180525,987
1,20180525,766
0,20180526,488
1,20180526,805
0,20180527,224
1,20180527,949
0,20180528,145
1,20180528,619
0,20180529,977
1,20180529,285
0,20180530,217
1,20180530,914
0,20180531,250
1,20180531,164
0,20180601,578
1,20180601,496
0,20180602,726
1,20180602,140
0,20180603,41
1,20180603,183
0,20180604,547
1,20180604,589
0,20180605,873
1,20180605,693
0,20180606,273
1,20180606,24
0,20180607,731
1,20180607,973
0,20180608,663
1,20180608,447
0,20180609,188
1,20180609,328
0,20180610,3
1,20180610,602
0,20180611,731
1,20180611,702
0,20180612,613
1,20180612,192
0,20180613,233
1,20180613,486
0,20180614,867
1,20180614,874
0,20180615,624
1,20180615,533
0,20180616,35
1,20180616,642
0,20180617,782
1,20180617,498
0,20180618,371
1,20180618,318
0,20180619,830
1,20180619,118
0,20180620,101
1,20180620,705
0,20180621,456
1,20180621,995
0,20180622,933
1,20180622,901
0,20180623,781
1,20180623,605
0,20180624,317
1,20180624,722
0,20180625,628
1,20180625,910
0,20180626,588
1,20180626,275
0,20180627,50
1,20180627,448
0,20180628,616
1,20180628,132
0,20180629,420
1,20180629,141
0,20180630,810
1,20180630,267
0,20180701,361
1,20180701,273
0,20180702,20
1,20180702,494
0,20180703,669
1,20180703,119
0,20180704,168
1,20180704,694
0,20180705,383
1,20180705,724
0,20180706,212
1,20180706,7
0,20180707,410
1,20180707,955
0,20180708,122
1,20180708,149
0,20180709,201
1,20180709,507
0,20180710,751
1,20180710,897
0,20180711,189
1,20180711,368
0,20180712,221
1,20180712,778
0,20180713,283
1,20180713,686
0,20180714,20
1,20180714,503
0,20180715,485
1,20180715,731
0,20180716,806
1,20180716,851
0,20180717,848
1,20180717,740
0,20180718,303
1,20180718,728
0,20180719,275
1,20180719,153
0,20180720,940
1,20180720,44
0,20180721,715
1,20180721,236
0,20180722,299
1,20180722,417
0,20180723,923
1,20180723,376
0,20180724,817
1,20180724,217
0,20180725,355
1,20180725,812
0,20180726,111
1,20180726,516
0,20180727,657
1,20180727,706
0,20180728,322
1,20180728,186
0,20180729,14
1,20180729,431
0,20180730,939
1,20180730,676
0,20180731,809
1,20180731,223
0,20180801,513
1,20180801,508
0,20180802,61
1,20180802,183
0,20180803,962
1,20180803,769
0,20180804,800
1,20180804,131
0,20180805,518
1,20180805,991
0,20180806,593
1,20180806,915
0,20180807,246
1,20180807,917
0,20180808,263
1,20180808,738
0,20180809,676
1,20180809,824
0,20180810,416
1,20180810,16
0,20180811,447
1,20180811,763
0,20180812,254
1,20180812,239
0,20180813,791
1,20180813,764
0,20180814,476
1,20180814,996
0,20180815,454
1,20180815,45
0,20180816,658
1,20180816,412
0,20180817,786
1,20180817,359
0,20180818,853
1,20180818,251
0,20180819,877
1,20180819,304
0,20180820,179
1,20180820,208
0,20180821,32
1,20180821,599
0,20180822,207
1,20180822,930
0,20180823,506
1,20180823,460
0,20180824,563
1,20180824,528
0,20180825,347
1,20180825,609
0,20180826,950
1,20180826,509
0,20180827,443
1,20180827,257
0,20180828,26
1,20180828,746
0,20180829,172
1,20180829,953
0,20180830,51
1,20180830,470
0,20180831,442
1,20180831,899
0,20180901,344
1,20180901,881
0,20180902,721
1,20180902,370
0,20180903,576
1,20180903,203
0,20180904,250
1,20180904,729
0,20180905,145
1,20180905,394
0,20180906,209
1,20180906,270
0,20180907,64
1,20180907,769
0,20180908,444
1,20180908,992
0,20180909,25
1,20180909,336
0,20180910,986
1,20180910,576
0,20180911,457
1,20180911,272
0,20180912,930
1,20180912,804
0,20180913,164
1,20180913,66
0,20180914,586
1,20180914,60
0,20180915,377
1,20180915,738
0,20180916,255
1,20180916,713
0,20180917,262
1,20180917,733
0,20180918,687
1,20180918,939
0,20180919,830
1,20180919,287
0,20180920,658
1,20180920,763
0,20180921,433
1,20180921,786
0,20180922,66
1,20180922,420
0,20180923,889
1,20180923,621
0,20180924,49
1,20180924,827
0,20180925,835
1,20180925,184
0,20180926,724
1,20180926,142
0,20180927,36
1,20180927,652
0,20180928,633
1,20180928,219
0,20180929,927
1,20180929,238
0,20180930,712
1,20180930,772
0,20181001,748
1,20181001,407
0,20181002,440
1,20181002,329
0,20181003,435
1,20181003,384
0,20181004,302
1,20181004,210
0,20181005,251
1,20181005,905
0,20181006,651
1,20181006,451
0,20181007,575
1,20181007,128
0,20181008,965
1,20181008,95
0,20181009,115
1,20181009,338
0,20181010,414
1,20181010,476
0,20181011,473
1,20181011,471
0,20181012,881
1,20181012,377
0,20181013,442
1,20181013,327
0,20181014,682
1,20181014,994
0,20181015,336
1,20181015,1
0,20181016,329
1,20181016,718
0,20181017,479
1,20181017,296
0,20181018,720
1,20181018,648
0,20181019,612
1,20181019,200
0,20181020,536
1,20181020,481
0,20181021,942
1,20181021,266
0,20181022,68
1,20181022,90
0,20181023,633
1,20181023,167
0,20181024,115
1,20181024,705
0,20181025,893
1,20181025,690
0,20181026,773
1,20181026,2
0,20181027,454
1,20181027,370
0,20181028,216
1,20181028,943
0,20181029,778
1,20181029,590
0,20181030,943
1,20181030,651
0,20181031,594
1,20181031,929
0,20181101,713
1,20181101,342
0,20181102,182
1,20181102,18
0,20181103,302
1,20181103,836
0,20181104,294
1,20181104,559
0,20181105,314
1,20181105,947
0,20181106,418
1,20181106,911
0,20181107,745
1,20181107,375
0,20181108,971
1,20181108,441
0,20181109,206
1,20181109,483
0,20181110,532
1,20181110,362
0,20181111,212
1,20181111,824
0,20181112,887
1,20181112,946
0,20181113,635
1,20181113,525
0,20181114,27
1,20181114,23
0,20181115,201
1,20181115,177
0,20181116,832
1,20181116,671
0,20181117,674
1,20181117,655
0,20181118,791
1,20181118,53
0,20181119,419
1,20181119,14
0,20181120,937
1,20181120,39
0,20181121,491
1,20181121,679
0,20181122,789
1,20181122,598
0,20181123,31
1,20181123,325
0,20181124,650
1,20181124,307
0,20181125,572
1,20181125,295
0,20181126,419
1,20181126,790
0,20181127,864
1,20181127,41
0,20181128,777
1,20181128,192
0,20181129,697
1,20181129,411
0,20181130,363
1,20181130,171
0,20181201,896
1,20181201,173
0,20181202,896
1,20181202,215
0,20181203,31
1,20181203,451
0,20181204,679
1,20181204,885
0,20181205,281
1,20181205,384
0,20181206,269
1,20181206,529
0,20181207,32
1,20181207,848
0,20181208,689
1,20181208,639
0,20181209,706
1,20181209,102
0,20181210,24
1,20181210,303
0,20181211,257
1,20181211,554
0,20181212,339
1,20181212,398
0,20181213,782
1,20181213,443
0,20181214,197
1,20181214,104
0,20181215,487
1,20181215,663
0,20181216,405
1,20181216,405
0,20181217,253
1,20181217,407
0,20181218,354
1,20181218,150
0,20181219,113
1,20181219,588
0,20181220,582
1,20181220,242
0,20181221,538
1,20181221,796
0,20181222,711
1,20181222,841
0,20181223,436
1,20181223,428
0,20181224,196
1,20181224,446
0,20181225,586
1,20181225,644
0,20181226,142
1,20181226,472
0,20181227,765
1,20181227,56
0,20181228,616
1,20181228,644
0,20181229,16
1,20181229,49
0,20181230,936
1,20181230,256
0,20181231,156
1,20181231,326
0,20170101,657
1,20170101,611
0,20170102,615
1,20170102,539
0,20170103,907
1,20170103,844
0,20170104,348
1,20170104,107
0,20170105,431
1,20170105,916
0,20170106,317
1,20170106,861
0,20170107,414
1,20170107,886
0,20170108,767
1,20170108,958
0,20170109,952
1,20170109,674
0,20170110,616
1,20170110,867
0,20170111,164
1,20170111,834
0,20170112,782
1,20170112,487
0,20170113,643
1,20170113,556
0,20170114,577
1,20170114,312
0,20170115,858
1,20170115,30
0,20170116,402
1,20170116,855
0,20170117,385
1,20170117,984
0,20170118,273
1,20170118,689
0,20170119,356
1,20170119,572
0,20170120,571
1,20170120,265
0,20170121,649
1,20170121,707
0,20170122,713
1,20170122,247
0,20170123,248
1,20170123,944
0,20170124,445
1,20170124,272
0,20170125,654
1,20170125,77
0,20170126,841
1,20170126,7
0,20170127,181
1,20170127,283
0,20170128,847
1,20170128,159
0,20170129,415
1,20170129,645
0,20170130,72
1,20170130,200
0,20170131,145
1,20170131,777
0,20170201,758
1,20170201,792
0,20170202,731
1,20170202,323
0,20170203,245
1,20170203,31
0,20170204,77
1,20170204,673
0,20170205,922
1,20170205,172
0,20170206,338
1,20170206,250
0,20170207,630
1,20170207,727
0,20170208,56
1,20170208,755
0,20170209,692
1,20170209,630
0,20170210,718
1,20170210,797
0,20170211,751
1,20170211,206
0,20170212,923
1,20170212,782
0,20170213,778
1,20170213,602
0,20170214,668
1,20170214,601
0,20170215,553
1,20170215,297
0,20170216,545
1,20170216,214
0,20170217,200
1,20170217,805
0,20170218,20
1,20170218,613
0,20170219,730
1,20170219,836
0,20170220,662
1,20170220,134
0,20170221,562
1,20170221,366
0,20170222,608
1,20170222,81
0,20170223,776
1,20170223,583
0,20170224,150
1,20170224,312
0,20170225,98
1,20170225,823
0,20170226,807
1,20170226,555
0,20170227,619
1,20170227,269
0,20170228,505
1,20170228,538
0,20170301,484
1,20170301,163
0,20170302,566
1,20170302,326
0,20170303,451
1,20170303,887
0,20170304,508
1,20170304,796
0,20170305,985
1,20170305,885
0,20170306,908
1,20170306,515
0,20170307,489
1,20170307,724
0,20170308,685
1,20170308,94
0,20170309,894
1,20170309,496
0,20170310,540
1,20170310,413
0,20170311,525
1,20170311,225
0,20170312,887
1,20170312,357
0,20170313,121
1,20170313,35
0,20170314,832
1,20170314,364
0,20170315,563
1,20170315,245
0,20170316,497
1,20170316,287
0,20170317,516
1,20170317,21
0,20170318,929
1,20170318,976
0,20170319,381
1,20170319,104
0,20170320,594
1,20170320,19
0,20170321,297
1,20170321,820
0,20170322,450
1,20170322,755
0,20170323,234
1,20170323,236
0,20170324,660
1,20170324,851
0,20170325,788
1,20170325,198
0,20170326,500
1,20170326,465
0,20170327,71
1,20170327,15
0,20170328,672
1,20170328,9
0,20170329,452
1,20170329,821
0,20170330,203
1,20170330,987
0,20170331,476
1,20170331,729
0,20170401,96
1,20170401,103
0,20170402,51
1,20170402,557
0,20170403,119
1,20170403,488
0,20170404,332
1,20170404,64
0,20170405,865
1,20170405,578
0,20170406,169
1,20170406,112
0,20170407,36
1,20170407,649
0,20170408,396
1,20170408,692
0,20170409,128
1,20170409,908
0,20170410,584
1,20170410,693
0,20170411,828
1,20170411,534
0,20170412,906
1,20170412,750
0,20170413,117
1,20170413,415
0,20170414,893
1,20170414,2
0,20170415,54
1,20170415,823
0,20170416,246
1,20170416,679
0,20170417,650
1,20170417,948
0,20170418,725
1,20170418,148
0,20170419,856
1,20170419,940
0,20170420,975
1,20170420,767
0,20170421,789
1,20170421,363
0,20170422,640
1,20170422,296
0,20170423,637
1,20170423,53
0,20170424,36
1,20170424,200
0,20170425,692
1,20170425,513
0,20170426,262
1,20170426,621
0,20170427,604
1,20170427,527
0,20170428,262
1,20170428,118
0,20170429,795
1,20170429,601
0,20170430,373
1,20170430,491
0,20170501,660
1,20170501,586
0,20170502,691
1,20170502,298
0,20170503,732
1,20170503,390
0,20170504,460
1,20170504,691
0,20170505,841
1,20170505,811
0,20170506,989
1,20170506,821
0,20170507,569
1,20170507,316
0,20170508,413
1,20170508,156
0,20170509,568
1,20170509,273
0,20170510,591
1,20170510,201
0,20170511,890
1,20170511,416
0,20170512,901
1,20170512,976
0,20170513,293
1,20170513,172
0,20170514,112
1,20170514,957
0,20170515,743
1,20170515,33
0,20170516,125
1,20170516,874
0,20170517,582
1,20170517,787
0,20170518,347
1,20170518,952
0,20170519,596
1,20170519,177
0,20170520,464
1,20170520,237
0,20170521,378
1,20170521,138
0,20170522,320
1,20170522,421
0,20170523,235
1,20170523,535
0,20170524,678
1,20170524,548
0,20170525,841
1,20170525,560
0,20170526,226
1,20170526,16
0,20170527,647
1,20170527,866
0,20170528,353
1,20170528,183
0,20170529,643
1,20170529,772
0,20170530,489
1,20170530,22
0,20170531,510
1,20170531,331
0,20170601,657
1,20170601,935
0,20170602,596
1,20170602,954
0,20170603,576
1,20170603,807
0,20170604,488
1,20170604,26
0,20170605,697
1,20170605,45
0,20170606,132
1,20170606,266
0,20170607,37
1,20170607,500
0,20170608,302
1,20170608,195
0,20170609,683
1,20170609,234
0,20170610,558
1,20170610,597
0,20170611,631
1,20170611,145
0,20170612,501
1,20170612,801
0,20170613,629
1,20170613,921
0,20170614,478
1,20170614,852
0,20170615,730
1,20170615,804
0,20170616,158
1,20170616,834
0,20170617,70
1,20170617,273
0,20170618,390
1,20170618,103
0,20170619,556
1,20170619,829
0,20170620,229
1,20170620,747
0,20170621,63
1,20170621,695
0,20170622,509
1,20170622,263
0,20170623,5
1,20170623,707
0,20170624,454
1,20170624,428
0,20170625,100
1,20170625,247
0,20170626,69
1,20170626,958
0,20170627,900
1,20170627,234
0,20170628,397
1,20170628,828
0,20170629,405
1,20170629,537
0,20170630,613
1,20170630,550
0,20170701,795
1,20170701,556
0,20170702,727
1,20170702,71
0,20170703,255
1,20170703,686
0,20170704,350
1,20170704,352
0,20170705,973
1,20170705,936
0,20170706,928
1,20170706,125
0,20170707,319
1,20170707,232
0,20170708,924
1,20170708,422
0,20170709,125
1,20170709,171
0,20170710,80
1,20170710,359
0,20170711,408
1,20170711,485
0,20170712,186
1,20170712,303
0,20170713,319
1,20170713,387
0,20170714,157
1,20170714,969
0,20170715,10
1,20170715,498
0,20170716,130
1,20170716,435
0,20170717,602
1,20170717,734
0,20170718,723
1,20170718,625
0,20170719,337
1,20170719,350
0,20170720,175
1,20170720,754
0,20170721,18
1,20170721,563
0,20170722,392
1,20170722,93
0,20170723,403
1,20170723,618
0,20170724,296
1,20170724,880
0,20170725,228
1,20170725,281
0,20170726,76
1,20170726,856
0,20170727,474
1,20170727,651
0,20170728,495
1,20170728,258
0,20170729,452
1,20170729,408
0,20170730,177
1,20170730,25
0,20170731,361
1,20170731,523
0,20170801,658
1,20170801,366
0,20170802,298
1,20170802,212
0,20170803,590
1,20170803,157
0,20170804,670
1,20170804,187
0,20170805,195
1,20170805,742
0,20170806,150
1,20170806,679
0,20170807,482
1,20170807,605
0,20170808,539
1,20170808,390
0,20170809,628
1,20170809,567
0,20170810,945
1,20170810,825
0,20170811,820
1,20170811,140
0,20170812,931
1,20170812,461
0,20170813,733
1,20170813,567
0,20170814,912
1,20170814,445
0,20170815,205
1,20170815,249
0,20170816,200
1,20170816,941
0,20170817,666
1,20170817,785
0,20170818,954
1,20170818,265
0,20170819,797
1,20170819,230
0,20170820,601
1,20170820,630
0,20170821,220
1,20170821,750
0,20170822,148
1,20170822,500
0,20170823,30
1,20170823,989
0,20170824,266
1,20170824,388
0,20170825,106
1,20170825,995
0,20170826,254
1,20170826,930
0,20170827,470
1,20170827,79
0,20170828,684
1,20170828,608
0,20170829,510
1,20170829,784
0,20170830,557
1,20170830,163
0,20170831,180
1,20170831,294
0,20170901,161
1,20170901,169
0,20170902,706
1,20170902,321
0,20170903,395
1,20170903,923
0,20170904,769
1,20170904,123
0,20170905,286
1,20170905,804
0,20170906,374
1,20170906,305
0,20170907,639
1,20170907,103
0,20170908,700
1,20170908,225
0,20170909,615
1,20170909,962
0,20170910,352
1,20170910,131
0,20170911,412
1,20170911,29
0,20170912,207
1,20170912,564
0,20170913,907
1,20170913,133
0,20170914,337
1,20170914,495
0,20170915,532
1,20170915,411
0,20170916,276
1,20170916,889
0,20170917,170
1,20170917,147
0,20170918,652
1,20170918,572
0,20170919,601
1,20170919,662
0,20170920,98
1,20170920,270
0,20170921,323
1,20170921,694
0,20170922,505
1,20170922,357
0,20170923,800
1,20170923,503
0,20170924,817
1,20170924,887
0,20170925,388
1,20170925,444
0,20170926,668
1,20170926,600
0,20170927,20
1,20170927,787
0,20170928,602
1,20170928,815
0,20170929,690
1,20170929,839
0,20170930,379
1,20170930,335
0,20171001,818
1,20171001,213
0,20171002,603
1,20171002,432
0,20171003,917
1,20171003,614
0,20171004,384
1,20171004,413
0,20171005,78
1,20171005,394
0,20171006,886
1,20171006,297
0,20171007,987
1,20171007,994
0,20171008,74
1,20171008,863
0,20171009,738
1,20171009,948
0,20171010,341
1,20171010,228
0,20171011,267
1,20171011,107
0,20171012,893
1,20171012,757
0,20171013,251
1,20171013,3
0,20171014,157
1,20171014,745
0,20171015,524
1,20171015,708
0,20171016,646
1,20171016,205
0,20171017,219
1,20171017,850
0,20171018,928
1,20171018,606
0,20171019,454
1,20171019,308
0,20171020,57
1,20171020,798
0,20171021,219
1,20171021,59
0,20171022,806
1,20171022,797
0,20171023,472
1,20171023,658
0,20171024,383
1,20171024,589
0,20171025,912
1,20171025,688
0,20171026,610
1,20171026,374
0,20171027,393
1,20171027,223
0,20171028,191
1,20171028,233
0,20171029,353
1,20171029,255
0,20171030,411
1,20171030,853
0,20171031,778
1,20171031,945
0,20171101,745
1,20171101,351
0,20171102,235
1,20171102,871
0,20171103,183
1,20171103,893
0,20171104,691
1,20171104,583
0,20171105,448
1,20171105,459
0,20171106,454
1,20171106,899
0,20171107,515
1,20171107,924
0,20171108,929
1,20171108,117
0,20171109,82
1,20171109,887
0,20171110,667
1,20171110,845
0,20171111,717
1,20171111,468
0,20171112,477
1,20171112,896
0,20171113,536
1,20171113,96
0,20171114,635
1,20171114,76
0,20171115,655
1,20171115,183
0,20171116,140
1,20171116,832
0,20171117,236
1,20171117,251
0,20171118,403
1,20171118,653
0,20171119,632
1,20171119,277
0,20171120,455
1,20171120,808
0,20171121,572
1,20171121,980
0,20171122,257
1,20171122,888
0,20171123,892
1,20171123,434
0,20171124,266
1,20171124,977
0,20171125,326
1,20171125,87
0,20171126,165
1,20171126,812
0,20171127,259
1,20171127,728
0,20171128,434
1,20171128,633
0,20171129,759
1,20171129,691
0,20171130,125
1,20171130,941
0,20171201,185
1,20171201,310
0,20171202,298
1,20171202,425
0,20171203,663
1,20171203,444
0,20171204,477
1,20171204,230
0,20171205,800
1,20171205,129
0,20171206,241
1,20171206,369
0,20171207,909
1,20171207,650
0,20171208,415
1,20171208,952
0,20171209,991
1,20171209,573
0,20171210,336
1,20171210,373
0,20171211,331
1,20171211,338
0,20171212,149
1,20171212,232
0,20171213,110
1,20171213,121
0,20171214,285
1,20171214,450
0,20171215,265
1,20171215,772
0,20171216,440
1,20171216,176
0,20171217,158
1,20171217,494
0,20171218,395
1,20171218,667
0,20171219,697
1,20171219,147
0,20171220,873
1,20171220,166
0,20171221,955
1,20171221,88
0,20171222,492
1,20171222,829
0,20171223,29
1,20171223,928
0,20171224,424
1,20171224,670
0,20171225,551
1,20171225,44
0,20171226,475
1,20171226,115
0,20171227,584
1,20171227,132
0,20171228,989
1,20171228,903
0,20171229,406
1,20171229,895
0,20171230,835
1,20171230,302
0,20171231,374
1,20171231,712
0,20160101,594
1,20160101,988
0,20160102,163
1,20160102,727
0,20160103,414
1,20160103,35
0,20160104,925
1,20160104,628
0,20160105,299
1,20160105,136
0,20160106,521
1,20160106,762
0,20160107,707
1,20160107,216
0,20160108,439
1,20160108,658
0,20160109,662
1,20160109,501
0,20160110,314
1,20160110,546
0,20160111,724
1,20160111,270
0,20160112,597
1,20160112,503
0,20160113,977
1,20160113,294
0,20160114,640
1,20160114,176
0,20160115,405
1,20160115,563
0,20160116,600
1,20160116,635
0,20160117,899
1,20160117,749
0,20160118,614
1,20160118,775
0,20160119,280
1,20160119,297
0,20160120,443
1,20160120,696
0,20160121,158
1,20160121,931
0,20160122,780
1,20160122,978
0,20160123,888
1,20160123,88
0,20160124,294
1,20160124,187
0,20160125,18
1,20160125,926
0,20160126,777
1,20160126,103
0,20160127,870
1,20160127,73
0,20160128,125
1,20160128,421
0,20160129,556
1,20160129,472
0,20160130,631
1,20160130,856
0,20160131,994
1,20160131,163
0,20160201,437
1,20160201,505
0,20160202,462
1,20160202,269
0,20160203,558
1,20160203,733
0,20160204,863
1,20160204,374
0,20160205,989
1,20160205,314
0,20160206,90
1,20160206,780
0,20160207,895
1,20160207,85
0,20160208,126
1,20160208,38
0,20160209,38
1,20160209,954
0,20160210,496
1,20160210,639
0,20160211,886
1,20160211,202
0,20160212,209
1,20160212,700
0,20160213,143
1,20160213,346
0,20160214,136
1,20160214,586
0,20160215,554
1,20160215,321
0,20160216,638
1,20160216,790
0,20160217,808
1,20160217,267
0,20160218,400
1,20160218,933
0,20160219,139
1,20160219,964
0,20160220,128
1,20160220,790
0,20160221,427
1,20160221,728
0,20160222,386
1,20160222,21
0,20160223,593
1,20160223,58
0,20160224,226
1,20160224,122
0,20160225,820
1,20160225,628
0,20160226,836
1,20160226,25
0,20160227,436
1,20160227,471
0,20160228,187
1,20160228,632
0,20160229,2
1,20160229,133
0,20160301,799
1,20160301,514
0,20160302,666
1,20160302,894
0,20160303,344
1,20160303,453
0,20160304,662
1,20160304,130
0,20160305,112
1,20160305,500
0,20160306,59
1,20160306,770
0,20160307,44
1,20160307,328
0,20160308,978
1,20160308,108
0,20160309,998
1,20160309,144
0,20160310,169
1,20160310,196
0,20160311,631
1,20160311,985
0,20160312,344
1,20160312,355
0,20160313,977
1,20160313,111
0,20160314,290
1,20160314,535
0,20160315,291
1,20160315,473
0,20160316,251
1,20160316,661
0,20160317,559
1,20160317,786
0,20160318,974
1,20160318,542
0,20160319,346
1,20160319,261
0,20160320,525
1,20160320,372
0,20160321,117
1,20160321,514
0,20160322,235
1,20160322,120
0,20160323,11
1,20160323,691
0,20160324,628
1,20160324,345
0,20160325,904
1,20160325,657
0,20160326,504
1,20160326,610
0,20160327,528
1,20160327,288
0,20160328,357
1,20160328,139
0,20160329,935
1,20160329,924
0,20160330,713
1,20160330,774
0,20160331,760
1,20160331,842
0,20160401,886
1,20160401,110
0,20160402,96
1,20160402,898
0,20160403,160
1,20160403,801
0,20160404,883
1,20160404,915
0,20160405,554
1,20160405,218
0,20160406,414
1,20160406,478
0,20160407,49
1,20160407,792
0,20160408,412
1,20160408,516
0,20160409,963
1,20160409,340
0,20160410,203
1,20160410,431
0,20160411,351
1,20160411,545
0,20160412,929
1,20160412,403
0,20160413,187
1,20160413,221
0,20160414,490
1,20160414,264
0,20160415,453
1,20160415,25
0,20160416,633
1,20160416,760
0,20160417,37
1,20160417,848
0,20160418,973
1,20160418,961
0,20160419,793
1,20160419,954
0,20160420,119
1,20160420,235
0,20160421,929
1,20160421,522
0,20160422,823
1,20160422,675
0,20160423,350
1,20160423,82
0,20160424,246
1,20160424,199
0,20160425,810
1,20160425,378
0,20160426,282
1,20160426,220
0,20160427,80
1,20160427,550
0,20160428,93
1,20160428,192
0,20160429,523
1,20160429,863
0,20160430,58
1,20160430,599
0,20160501,668
1,20160501,888
0,20160502,785
1,20160502,617
0,20160503,648
1,20160503,925
0,20160504,610
1,20160504,161
0,20160505,62
1,20160505,685
0,20160506,689
1,20160506,43
0,20160507,321
1,20160507,882
0,20160508,302
1,20160508,372
0,20160509,251
1,20160509,587
0,20160510,283
1,20160510,937
0,20160511,304
1,20160511,639
0,20160512,84
1,20160512,34
0,20160513,102
1,20160513,67
0,20160514,664
1,20160514,541
0,20160515,149
1,20160515,138
0,20160516,335
1,20160516,746
0,20160517,282
1,20160517,299
0,20160518,415
1,20160518,745
0,20160519,337
1,20160519,863
0,20160520,878
1,20160520,550
0,20160521,63
1,20160521,582
0,20160522,64
1,20160522,947
0,20160523,205
1,20160523,697
0,20160524,223
1,20160524,885
0,20160525,329
1,20160525,752
0,20160526,361
1,20160526,418
0,20160527,434
1,20160527,989
0,20160528,57
1,20160528,591
0,20160529,173
1,20160529,179
0,20160530,746
1,20160530,79
0,20160531,340
1,20160531,314
0,20160601,149
1,20160601,824
0,20160602,645
1,20160602,908
0,20160603,898
1,20160603,914
0,20160604,959
1,20160604,573
0,20160605,820
1,20160605,171
0,20160606,743
1,20160606,889
0,20160607,741
1,20160607,737
0,20160608,607
1,20160608,510
0,20160609,114
1,20160609,391
0,20160610,569
1,20160610,810
0,20160611,638
1,20160611,413
0,20160612,517
1,20160612,17
0,20160613,942
1,20160613,959
0,20160614,358
1,20160614,874
0,20160615,259
1,20160615,328
0,20160616,1
1,20160616,683
0,20160617,956
1,20160617,619
0,20160618,712
1,20160618,565
0,20160619,613
1,20160619,923
0,20160620,801
1,20160620,420
0,20160621,541
1,20160621,431
0,20160622,955
1,20160622,289
0,20160623,505
1,20160623,811
0,20160624,523
1,20160624,890
0,20160625,959
1,20160625,945
0,20160626,454
1,20160626,32
0,20160627,908
1,20160627,415
0,20160628,833
1,20160628,333
0,20160629,417
1,20160629,153
0,20160630,113
1,20160630,431
0,20160701,531
1,20160701,964
0,20160702,453
1,20160702,709
0,20160703,541
1,20160703,5
0,20160704,20
1,20160704,603
0,20160705,318
1,20160705,149
0,20160706,613
1,20160706,793
0,20160707,57
1,20160707,42
0,20160708,438
1,20160708,635
0,20160709,663
1,20160709,222
0,20160710,104
1,20160710,211
0,20160711,363
1,20160711,532
0,20160712,138
1,20160712,113
0,20160713,123
1,20160713,58
0,20160714,195
1,20160714,50
0,20160715,751
1,20160715,10
0,20160716,492
1,20160716,733
0,20160717,337
1,20160717,13
0,20160718,474
1,20160718,816
0,20160719,324
1,20160719,651
0,20160720,697
1,20160720,546
0,20160721,542
1,20160721,143
0,20160722,988
1,20160722,488
0,20160723,710
1,20160723,873
0,20160724,995
1,20160724,553
0,20160725,692
1,20160725,977
0,20160726,806
1,20160726,570
0,20160727,490
1,20160727,565
0,20160728,313
1,20160728,772
0,20160729,823
1,20160729,587
0,20160730,218
1,20160730,795
0,20160731,660
1,20160731,52
0,20160801,721
1,20160801,285
0,20160802,691
1,20160802,191
0,20160803,940
1,20160803,560
0,20160804,992
1,20160804,638
0,20160805,461
1,20160805,345
0,20160806,300
1,20160806,580
0,20160807,631
1,20160807,616
0,20160808,31
1,20160808,615
0,20160809,667
1,20160809,120
0,20160810,337
1,20160810,371
0,20160811,990
1,20160811,552
0,20160812,903
1,20160812,970
0,20160813,461
1,20160813,919
0,20160814,843
1,20160814,922
0,20160815,603
1,20160815,924
0,20160816,675
1,20160816,486
0,20160817,736
1,20160817,396
0,20160818,319
1,20160818,407
0,20160819,342
1,20160819,545
0,20160820,46
1,20160820,645
0,20160821,607
1,20160821,201
0,20160822,376
1,20160822,680
0,20160823,668
1,20160823,630
0,20160824,670
1,20160824,783
0,20160825,495
1,20160825,40
0,20160826,454
1,20160826,928
0,20160827,629
1,20160827,488
0,20160828,640
1,20160828,87
0,20160829,925
1,20160829,920
0,20160830,689
1,20160830,755
0,20160831,191
1,20160831,488
0,20160901,250
1,20160901,875
0,20160902,77
1,20160902,771
0,20160903,55
1,20160903,354
0,20160904,729
1,20160904,185
0,20160905,610
1,20160905,753
0,20160906,637
1,20160906,419
0,20160907,900
1,20160907,728
0,20160908,956
1,20160908,36
0,20160909,28
1,20160909,988
0,20160910,558
1,20160910,85
0,20160911,551
1,20160911,637
0,20160912,407
1,20160912,1
0,20160913,50
1,20160913,829
0,20160914,81
1,20160914,970
0,20160915,154
1,20160915,870
0,20160916,539
1,20160916,904
0,20160917,472
1,20160917,180
0,20160918,209
1,20160918,322
0,20160919,450
1,20160919,215
0,20160920,225
1,20160920,192
0,20160921,193
1,20160921,128
0,20160922,837
1,20160922,665
0,20160923,165
1,20160923,256
0,20160924,1
1,20160924,567
0,20160925,982
1,20160925,956
0,20160926,181
1,20160926,590
0,20160927,635
1,20160927,729
0,20160928,520
1,20160928,479
0,20160929,887
1,20160929,642
0,20160930,190
1,20160930,969
0,20161001,386
1,20161001,958
0,20161002,687
1,20161002,530
0,20161003,469
1,20161003,718
0,20161004,467
1,20161004,563
0,20161005,335
1,20161005,344
0,20161006,754
1,20161006,974
0,20161007,67
1,20161007,649
0,20161008,72
1,20161008,311
0,20161009,454
1,20161009,130
0,20161010,181
1,20161010,866
0,20161011,841
1,20161011,190
0,20161012,813
1,20161012,990
0,20161013,239
1,20161013,106
0,20161014,59
1,20161014,539
0,20161015,953
1,20161015,228
0,20161016,816
1,20161016,437
0,20161017,381
1,20161017,252
0,20161018,328
1,20161018,718
0,20161019,21
1,20161019,889
0,20161020,700
1,20161020,395
0,20161021,37
1,20161021,767
0,20161022,452
1,20161022,382
0,20161023,437
1,20161023,192
0,20161024,690
1,20161024,701
0,20161025,833
1,20161025,13
0,20161026,822
1,20161026,178
0,20161027,942
1,20161027,361
0,20161028,39
1,20161028,634
0,20161029,578
1,20161029,432
0,20161030,227
1,20161030,944
0,20161031,934
1,20161031,100
0,20161101,790
1,20161101,686
0,20161102,682
1,20161102,175
0,20161103,668
1,20161103,108
0,20161104,177
1,20161104,777
0,20161105,589
1,20161105,609
0,20161106,91
1,20161106,889
0,20161107,201
1,20161107,589
0,20161108,676
1,20161108,755
0,20161109,134
1,20161109,988
0,20161110,917
1,20161110,366
0,20161111,273
1,20161111,519
0,20161112,205
1,20161112,12
0,20161113,911
1,20161113,85
0,20161114,654
1,20161114,842
0,20161115,411
1,20161115,179
0,20161116,798
1,20161116,127
0,20161117,244
1,20161117,611
0,20161118,571
1,20161118,331
0,20161119,690
1,20161119,237
0,20161120,738
1,20161120,879
0,20161121,962
1,20161121,486
0,20161122,850
1,20161122,387
0,20161123,679
1,20161123,820
0,20161124,918
1,20161124,165
0,20161125,184
1,20161125,668
0,20161126,668
1,20161126,805
0,20161127,169
1,20161127,997
0,20161128,672
1,20161128,939
0,20161129,553
1,20161129,514
0,20161130,556
1,20161130,838
0,20161201,751
1,20161201,498
0,20161202,445
1,20161202,196
0,20161203,358
1,20161203,950
0,20161204,734
1,20161204,83
0,20161205,348
1,20161205,829
0,20161206,61
1,20161206,364
0,20161207,979
1,20161207,926
0,20161208,542
1,20161208,161
0,20161209,386
1,20161209,95
0,20161210,84
1,20161210,79
0,20161211,526
1,20161211,285
0,20161212,213
1,20161212,21
0,20161213,985
1,20161213,601
0,20161214,430
1,20161214,180
0,20161215,76
1,20161215,245
0,20161216,135
1,20161216,849
0,20161217,53
1,20161217,844
0,20161218,333
1,20161218,89
0,20161219,432
1,20161219,902
0,20161220,266
1,20161220,880
0,20161221,499
1,20161221,647
0,20161222,72
1,20161222,996
0,20161223,821
1,20161223,339
0,20161224,444
1,20161224,324
0,20161225,269
1,20161225,392
0,20161226,11
1,20161226,545
0,20161227,700
1,20161227,804
0,20161228,641
1,20161228,578
0,20161229,245
1,20161229,51
0,20161230,883
1,20161230,769
0,20161231,694
1,20161231,85
0,20150101,560
1,20150101,937
0,20150102,685
1,20150102,949
0,20150103,722
1,20150103,883
0,20150104,684
1,20150104,205
0,20150105,905
1,20150105,850
0,20150106,923
1,20150106,166
0,20150107,374
1,20150107,703
0,20150108,345
1,20150108,572
0,20150109,289
1,20150109,29
0,20150110,44
1,20150110,934
0,20150111,172
1,20150111,16
0,20150112,567
1,20150112,609
0,20150113,239
1,20150113,140
0,20150114,340
1,20150114,938
0,20150115,943
1,20150115,579
0,20150116,643
1,20150116,530
0,20150117,72
1,20150117,926
0,20150118,560
1,20150118,833
0,20150119,875
1,20150119,913
0,20150120,33
1,20150120,116
0,20150121,741
1,20150121,198
0,20150122,178
1,20150122,66
0,20150123,488
1,20150123,113
0,20150124,970
1,20150124,677
0,20150125,75
1,20150125,823
0,20150126,610
1,20150126,594
0,20150127,643
1,20150127,708
0,20150128,429
1,20150128,372
0,20150129,837
1,20150129,122
0,20150130,809
1,20150130,205
0,20150131,815
1,20150131,150
0,20150201,446
1,20150201,972
0,20150202,70
1,20150202,675
0,20150203,461
1,20150203,208
0,20150204,593
1,20150204,831
0,20150205,94
1,20150205,329
0,20150206,116
1,20150206,75
0,20150207,588
1,20150207,182
0,20150208,606
1,20150208,70
0,20150209,424
1,20150209,371
0,20150210,810
1,20150210,745
0,20150211,321
1,20150211,61
0,20150212,107
1,20150212,18
0,20150213,185
1,20150213,826
0,20150214,597
1,20150214,502
0,20150215,87
1,20150215,93
0,20150216,525
1,20150216,311
0,20150217,738
1,20150217,136
0,20150218,718
1,20150218,399
0,20150219,14
1,20150219,133
0,20150220,601
1,20150220,441
0,20150221,425
1,20150221,204
0,20150222,953
1,20150222,265
0,20150223,348
1,20150223,784
0,20150224,418
1,20150224,443
0,20150225,239
1,20150225,808
0,20150226,95
1,20150226,244
0,20150227,814
1,20150227,843
0,20150228,93
1,20150228,332
0,20150301,519
1,20150301,898
0,20150302,65
1,20150302,807
0,20150303,367
1,20150303,791
0,20150304,782
1,20150304,253
0,20150305,404
1,20150305,932
0,20150306,940
1,20150306,744
0,20150307,325
1,20150307,849
0,20150308,512
1,20150308,118
0,20150309,256
1,20150309,661
0,20150310,371
1,20150310,38
0,20150311,246
1,20150311,121
0,20150312,531
1,20150312,426
0,20150313,688
1,20150313,776
0,20150314,697
1,20150314,248
0,20150315,170
1,20150315,129
0,20150316,454
1,20150316,836
0,20150317,461
1,20150317,682
0,20150318,260
1,20150318,488
0,20150319,886
1,20150319,500
0,20150320,626
1,20150320,506
0,20150321,510
1,20150321,948
0,20150322,76
1,20150322,731
0,20150323,835
1,20150323,857
0,20150324,272
1,20150324,682
0,20150325,116
1,20150325,230
0,20150326,874
1,20150326,663
0,20150327,804
1,20150327,546
0,20150328,198
1,20150328,434
0,20150329,540
1,20150329,579
0,20150330,417
1,20150330,232
0,20150331,313
1,20150331,436
0,20150401,106
1,20150401,306
0,20150402,796
1,20150402,302
0,20150403,173
1,20150403,742
0,20150404,272
1,20150404,644
0,20150405,710
1,20150405,503
0,20150406,591
1,20150406,108
0,20150407,817
1,20150407,459
0,20150408,599
1,20150408,835
0,20150409,729
1,20150409,541
0,20150410,253
1,20150410,403
0,20150411,266
1,20150411,855
0,20150412,386
1,20150412,234
0,20150413,268
1,20150413,742
0,20150414,586
1,20150414,214
0,20150415,55
1,20150415,109
0,20150416,423
1,20150416,281
0,20150417,544
1,20150417,464
0,20150418,329
1,20150418,271
0,20150419,7
1,20150419,931
0,20150420,999
1,20150420,783
0,20150421,443
1,20150421,786
0,20150422,315
1,20150422,856
0,20150423,965
1,20150423,756
0,20150424,908
1,20150424,101
0,20150425,829
1,20150425,742
0,20150426,844
1,20150426,80
0,20150427,751
1,20150427,479
0,20150428,256
1,20150428,125
0,20150429,512
1,20150429,820
0,20150430,302
1,20150430,255
0,20150501,130
1,20150501,572
0,20150502,133
1,20150502,369
0,20150503,229
1,20150503,733
0,20150504,337
1,20150504,930
0,20150505,384
1,20150505,154
0,20150506,74
1,20150506,498
0,20150507,558
1,20150507,523
0,20150508,668
1,20150508,119
0,20150509,641
1,20150509,594
0,20150510,482
1,20150510,67
0,20150511,282
1,20150511,605
0,20150512,831
1,20150512,207
0,20150513,191
1,20150513,60
0,20150514,410
1,20150514,971
0,20150515,523
1,20150515,301
0,20150516,354
1,20150516,810
0,20150517,297
1,20150517,238
0,20150518,222
1,20150518,6
0,20150519,268
1,20150519,355
0,20150520,938
1,20150520,704
0,20150521,436
1,20150521,710
0,20150522,445
1,20150522,580
0,20150523,218
1,20150523,597
0,20150524,351
1,20150524,914
0,20150525,834
1,20150525,892
0,20150526,586
1,20150526,107
0,20150527,664
1,20150527,145
0,20150528,712
1,20150528,486
0,20150529,817
1,20150529,189
0,20150530,412
1,20150530,723
0,20150531,142
1,20150531,824
0,20150601,211
1,20150601,512
0,20150602,575
1,20150602,259
0,20150603,322
1,20150603,32
0,20150604,17
1,20150604,449
0,20150605,24
1,20150605,250
0,20150606,741
1,20150606,265
0,20150607,410
1,20150607,919
0,20150608,770
1,20150608,532
0,20150609,593
1,20150609,149
0,20150610,152
1,20150610,997
0,20150611,501
1,20150611,704
0,20150612,271
1,20150612,256
0,20150613,619
1,20150613,336
0,20150614,748
1,20150614,995
0,20150615,475
1,20150615,598
0,20150616,786
1,20150616,547
0,20150617,739
1,20150617,914
0,20150618,317
1,20150618,78
0,20150619,841
1,20150619,375
0,20150620,401
1,20150620,613
0,20150621,520
1,20150621,646
0,20150622,674
1,20150622,263
0,20150623,760
1,20150623,679
0,20150624,405
1,20150624,338
0,20150625,438
1,20150625,52
0,20150626,346
1,20150626,205
0,20150627,55
1,20150627,111
0,20150628,121
1,20150628,597
0,20150629,312
1,20150629,756
0,20150630,630
1,20150630,900
0,20150701,619
1,20150701,931
0,20150702,477
1,20150702,868
0,20150703,225
1,20150703,149
0,20150704,884
1,20150704,890
0,20150705,560
1,20150705,543
0,20150706,969
1,20150706,27
0,20150707,801
1,20150707,583
0,20150708,785
1,20150708,309
0,20150709,558
1,20150709,773
0,20150710,166
1,20150710,435
0,20150711,91
1,20150711,965
0,20150712,457
1,20150712,354
0,20150713,503
1,20150713,667
0,20150714,650
1,20150714,431
0,20150715,318
1,20150715,381
0,20150716,741
1,20150716,880
0,20150717,423
1,20150717,205
0,20150718,181
1,20150718,637
0,20150719,563
1,20150719,728
0,20150720,805
1,20150720,928
0,20150721,992
1,20150721,548
0,20150722,981
1,20150722,875
0,20150723,310
1,20150723,6
0,20150724,79
1,20150724,125
0,20150725,269
1,20150725,946
0,20150726,490
1,20150726,284
0,20150727,331
1,20150727,790
0,20150728,225
1,20150728,656
0,20150729,753
1,20150729,239
0,20150730,585
1,20150730,11
0,20150731,577
1,20150731,104
0,20150801,172
1,20150801,946
0,20150802,185
1,20150802,520
0,20150803,264
1,20150803,747
0,20150804,43
1,20150804,624
0,20150805,809
1,20150805,983
0,20150806,941
1,20150806,370
0,20150807,277
1,20150807,186
0,20150808,182
1,20150808,517
0,20150809,88
1,20150809,260
0,20150810,543
1,20150810,148
0,20150811,234
1,20150811,59
0,20150812,350
1,20150812,845
0,20150813,877
1,20150813,282
0,20150814,726
1,20150814,455
0,20150815,739
1,20150815,991
0,20150816,346
1,20150816,364
0,20150817,758
1,20150817,127
0,20150818,629
1,20150818,644
0,20150819,784
1,20150819,272
0,20150820,149
1,20150820,480
0,20150821,751
1,20150821,441
0,20150822,488
1,20150822,509
0,20150823,297
1,20150823,750
0,20150824,815
1,20150824,842
0,20150825,613
1,20150825,60
0,20150826,829
1,20150826,912
0,20150827,652
1,20150827,131
0,20150828,696
1,20150828,513
0,20150829,688
1,20150829,884
0,20150830,908
1,20150830,491
0,20150831,336
1,20150831,671
0,20150901,655
1,20150901,269
0,20150902,329
1,20150902,389
0,20150903,81
1,20150903,338
0,20150904,485
1,20150904,458
0,20150905,920
1,20150905,405
0,20150906,161
1,20150906,36
0,20150907,743
1,20150907,842
0,20150908,681
1,20150908,486
0,20150909,862
1,20150909,640
0,20150910,67
1,20150910,693
0,20150911,54
1,20150911,581
0,20150912,6
1,20150912,612
0,20150913,348
1,20150913,917
0,20150914,729
1,20150914,324
0,20150915,405
1,20150915,285
0,20150916,573
1,20150916,803
0,20150917,392
1,20150917,353
0,20150918,409
1,20150918,261
0,20150919,605
1,20150919,653
0,20150920,713
1,20150920,982
0,20150921,516
1,20150921,218
0,20150922,379
1,20150922,661
0,20150923,19
1,20150923,856
0,20150924,956
1,20150924,368
0,20150925,292
1,20150925,862
0,20150926,752
1,20150926,75
0,20150927,211
1,20150927,335
0,20150928,958
1,20150928,450
0,20150929,466
1,20150929,394
0,20150930,993
1,20150930,472
0,20151001,746
1,20151001,631
0,20151002,640
1,20151002,274
0,20151003,309
1,20151003,133
0,20151004,916
1,20151004,157
0,20151005,510
1,20151005,919
0,20151006,208
1,20151006,390
0,20151007,703
1,20151007,122
0,20151008,614
1,20151008,184
0,20151009,883
1,20151009,435
0,20151010,377
1,20151010,344
0,20151011,347
1,20151011,165
0,20151012,378
1,20151012,942
0,20151013,492
1,20151013,900
0,20151014,423
1,20151014,800
0,20151015,497
1,20151015,997
0,20151016,674
1,20151016,386
0,20151017,641
1,20151017,279
0,20151018,752
1,20151018,521
0,20151019,158
1,20151019,536
0,20151020,810
1,20151020,80
0,20151021,92
1,20151021,953
0,20151022,499
1,20151022,24
0,20151023,178
1,20151023,106
0,20151024,110
1,20151024,788
0,20151025,219
1,20151025,146
0,20151026,710
1,20151026,248
0,20151027,718
1,20151027,548
0,20151028,397
1,20151028,838
0,20151029,875
1,20151029,715
0,20151030,702
1,20151030,486
0,20151031,442
1,20151031,180
0,20151101,548
1,20151101,391
0,20151102,709
1,20151102,159
0,20151103,263
1,20151103,898
0,20151104,182
1,20151104,808
0,20151105,369
1,20151105,201
0,20151106,524
1,20151106,14
0,20151107,16
1,20151107,251
0,20151108,469
1,20151108,237
0,20151109,168
1,20151109,512
0,20151110,92
1,20151110,916
0,20151111,22
1,20151111,235
0,20151112,485
1,20151112,640
0,20151113,595
1,20151113,103
0,20151114,251
1,20151114,738
0,20151115,328
1,20151115,111
0,20151116,594
1,20151116,572
0,20151117,206
1,20151117,938
0,20151118,380
1,20151118,978
0,20151119,427
1,20151119,546
0,20151120,268
1,20151120,723
0,20151121,117
1,20151121,546
0,20151122,778
1,20151122,919
0,20151123,854
1,20151123,197
0,20151124,755
1,20151124,863
0,20151125,110
1,20151125,706
0,20151126,204
1,20151126,513
0,20151127,354
1,20151127,48
0,20151128,975
1,20151128,602
0,20151129,909
1,20151129,853
0,20151130,487
1,20151130,327
0,20151201,445
1,20151201,969
0,20151202,925
1,20151202,567
0,20151203,103
1,20151203,582
0,20151204,292
1,20151204,280
0,20151205,705
1,20151205,381
0,20151206,163
1,20151206,786
0,20151207,568
1,20151207,194
0,20151208,354
1,20151208,483
0,20151209,207
1,20151209,151
0,20151210,256
1,20151210,208
0,20151211,33
1,20151211,550
0,20151212,587
1,20151212,756
0,20151213,141
1,20151213,224
0,20151214,174
1,20151214,40
0,20151215,815
1,20151215,426
0,20151216,502
1,20151216,311
0,20151217,827
1,20151217,776
0,20151218,494
1,20151218,627
0,20151219,809
1,20151219,808
0,20151220,195
1,20151220,475
0,20151221,334
1,20151221,189
0,20151222,445
1,20151222,253
0,20151223,718
1,20151223,393
0,20151224,62
1,20151224,569
0,20151225,567
1,20151225,482
0,20151226,792
1,20151226,673
0,20151227,65
1,20151227,937
0,20151228,619
1,20151228,774
0,20151229,394
1,20151229,619
0,20151230,939
1,20151230,26
0,20151231,305
1,20151231,269
0,20140101,980
1,20140101,468
0,20140102,355
1,20140102,834
0,20140103,429
1,20140103,272
0,20140104,112
1,20140104,745
0,20140105,244
1,20140105,373
0,20140106,720
1,20140106,590
0,20140107,92
1,20140107,973
0,20140108,977
1,20140108,186
0,20140109,198
1,20140109,258
0,20140110,122
1,20140110,61
0,20140111,19
1,20140111,872
0,20140112,430
1,20140112,301
0,20140113,568
1,20140113,853
0,20140114,541
1,20140114,604
0,20140115,722
1,20140115,464
0,20140116,202
1,20140116,421
0,20140117,714
1,20140117,503
0,20140118,232
1,20140118,878
0,20140119,965
1,20140119,366
0,20140120,904
0,20140121,215
1,20140121,253
0,20140122,331
1,20140122,390
0,20140123,670
1,20140123,925
0,20140124,846
1,20140124,359
0,20140125,889
1,20140125,326
0,20140126,918
1,20140126,431
0,20140127,464
1,20140127,714
0,20140128,521
1,20140128,247
0,20140129,165
1,20140129,154
0,20140130,525
1,20140130,342
0,20140131,468
1,20140131,304
0,20140201,703
1,20140201,372
0,20140202,564
1,20140202,142
0,20140203,862
1,20140203,225
1,20140204,599
0,20140204,704
0,20140205,124
1,20140205,641
0,20140206,521
1,20140206,840
1,20140207,958
0,20140207,432
0,20140208,344
1,20140208,323
0,20140209,767
1,20140209,223
1,20140210,654
0,20140210,744
0,20140211,396
1,20140211,656
0,20140212,568
1,20140212,159
0,20140213,626
1,20140213,101
1,20140214,583
0,20140214,708
0,20140215,343
1,20140215,585
0,20140216,20
1,20140216,124
1,20140217,344
0,20140217,72
0,20140218,849
1,20140218,496
0,20140219,170
1,20140219,828
1,20140220,315
0,20140220,7
0,20140221,917
1,20140221,809
0,20140222,975
1,20140222,714
0,20140223,545
1,20140223,0
1,20140224,621
0,20140224,557
0,20140225,739
1,20140225,656
0,20140226,473
1,20140226,910
1,20140227,86
0,20140227,425
0,20140228,653
1,20140228,337
0,20140301,309
1,20140301,787
1,20140302,68
0,20140302,451
0,20140303,672
1,20140303,542
0,20140304,766
1,20140304,853
1,20140305,42
0,20140305,7
1,20140306,982
0,20140306,214
0,20140307,507
1,20140307,749
0,20140308,636
1,20140308,846
1,20140309,407
0,20140309,774
0,20140310,983
1,20140310,668
0,20140311,749
1,20140311,756
1,20140312,192
0,20140312,732
0,20140313,486
1,20140313,640
0,20140314,677
1,20140314,536
1,20140315,907
0,20140315,666
1,20140316,896
0,20140316,683
0,20140317,228
1,20140317,708
0,20140318,705
1,20140318,903
1,20140319,385
0,20140319,579
0,20140320,13
1,20140320,570
0,20140321,525
1,20140321,274
1,20140322,407
0,20140322,674
0,20140323,335
1,20140323,52
0,20140324,96
1,20140324,769
1,20140325,563
0,20140325,896
1,20140326,875
0,20140326,445
0,20140327,330
1,20140327,493
0,20140328,722
1,20140328,763
1,20140329,539
0,20140329,739
0,20140330,877
1,20140330,976
0,20140331,911
1,20140331,331
1,20140401,10
0,20140401,842
0,20140402,856
1,20140402,293
0,20140403,17
1,20140403,405
1,20140404,260
0,20140404,250
1,20140405,334
0,20140405,40
0,20140406,175
1,20140406,185
0,20140407,802
1,20140407,534
1,20140408,694
0,20140408,619
0,20140409,708
1,20140409,52
0,20140410,552
1,20140410,659
1,20140411,666
0,20140411,924
0,20140412,124
1,20140412,619
0,20140413,930
1,20140413,709
1,20140414,343
0,20140414,899
0,20140415,362
1,20140415,368
0,20140416,224
1,20140416,217
0,20140417,65
1,20140417,143
1,20140418,951
0,20140418,954
0,20140419,859
1,20140419,488
0,20140420,975
1,20140420,684
1,20140421,887
0,20140421,305
0,20140422,945
1,20140422,97
0,20140423,373
1,20140423,363
1,20140424,429
0,20140424,88
0,20140425,329
1,20140425,115
0,20140426,66
1,20140426,277
0,20140427,576
1,20140427,88
1,20140428,867
0,20140428,417
0,20140429,711
1,20140429,705
0,20140430,226
1,20140430,930
1,20140501,501
0,20140501,149
0,20140502,520
1,20140502,881
0,20140503,467
1,20140503,141
1,20140504,459
0,20140504,961
0,20140505,710
1,20140505,931
0,20140506,319
1,20140506,299
0,20140507,415
1,20140507,682
1,20140508,672
0,20140508,598
0,20140509,463
1,20140509,22
0,20140510,657
1,20140510,523
1,20140511,913
0,20140511,121
0,20140512,36
1,20140512,8
0,20140513,537
1,20140513,47
1,20140514,220
0,20140514,606
0,20140515,727
1,20140515,476
0,20140516,336
1,20140516,943
0,20140517,112
1,20140517,550
1,20140518,837
0,20140518,197
0,20140519,739
1,20140519,678
0,20140520,366
1,20140520,292
1,20140521,26
0,20140521,655
0,20140522,383
1,20140522,474
0,20140523,780
1,20140523,269
1,20140524,215
0,20140524,100
0,20140525,515
1,20140525,397
0,20140526,435
1,20140526,769
1,20140527,863
0,20140527,666
1,20140528,39
0,20140528,360
0,20140529,318
1,20140529,245
0,20140530,583
1,20140530,306
1,20140531,238
0,20140531,284
0,20140601,994
1,20140601,245
0,20140602,514
1,20140602,184
1,20140603,292
0,20140603,771
0,20140604,710
1,20140604,802
0,20140605,673
1,20140605,806
1,20140606,455
0,20140606,890
1,20140607,686
0,20140607,330
0,20140608,92
1,20140608,105
0,20140609,161
1,20140609,986
1,20140610,525
0,20140610,579
0,20140611,821
1,20140611,492
0,20140612,552
1,20140612,466
1,20140613,963
0,20140613,234
0,20140614,561
1,20140614,399
0,20140615,478
1,20140615,265
1,20140616,912
0,20140616,445
1,20140617,832
0,20140617,389
0,20140618,132
1,20140618,45
0,20140619,909
1,20140619,441
1,20140620,715
0,20140620,780
0,20140621,727
1,20140621,19
0,20140622,881
1,20140622,234
1,20140623,719
0,20140623,431
0,20140624,62
1,20140624,348
0,20140625,919
1,20140625,910
1,20140626,52
0,20140626,953
0,20140627,708
1,20140627,464
0,20140628,501
1,20140628,561
0,20140629,288
1,20140629,537
1,20140630,29
0,20140630,998
0,20140701,189
1,20140701,130
0,20140702,505
1,20140702,285
1,20140703,342
0,20140703,945
0,20140704,377
1,20140704,771
0,20140705,921
1,20140705,482
1,20140706,891
0,20140706,374
0,20140707,499
1,20140707,466
0,20140708,499
1,20140708,758
0,20140709,631
1,20140709,100
1,20140710,645
0,20140710,143
0,20140711,627
1,20140711,215
0,20140712,449
1,20140712,744
1,20140713,96
0,20140713,270
0,20140714,493
1,20140714,151
0,20140715,6
1,20140715,886
1,20140716,416
0,20140716,865
0,20140717,337
1,20140717,703
0,20140718,998
1,20140718,976
0,20140719,972
1,20140719,744
1,20140720,777
0,20140720,769
0,20140721,531
1,20140721,64
0,20140722,223
1,20140722,985
1,20140723,675
0,20140723,995
0,20140724,834
1,20140724,883
0,20140725,61
1,20140725,530
1,20140726,689
0,20140726,558
0,20140727,401
1,20140727,814
0,20140728,534
1,20140728,999
0,20140729,286
1,20140729,284
1,20140730,885
0,20140730,390
0,20140731,673
1,20140731,679
0,20140801,831
1,20140801,218
1,20140802,128
0,20140802,214
0,20140803,453
1,20140803,577
0,20140804,846
1,20140804,396
1,20140805,944
0,20140805,398
0,20140806,454
1,20140806,973
0,20140807,806
1,20140807,147
1,20140808,835
0,20140808,93
1,20140809,43
0,20140809,440
0,20140810,130
1,20140810,407
0,20140811,424
1,20140811,249
1,20140812,782
0,20140812,506
0,20140813,569
1,20140813,310
0,20140814,470
1,20140814,905
1,20140815,436
0,20140815,332
0,20140816,423
1,20140816,311
0,20140817,171
1,20140817,394
1,20140818,373
0,20140818,135
1,20140819,583
0,20140819,938
0,20140820,325
1,20140820,389
0,20140821,84
1,20140821,753
0,20140822,385
1,20140822,979
0,20140823,833
1,20140823,265
1,20140824,921
0,20140824,898
0,20140825,362
1,20140825,481
0,20140826,477
1,20140826,584
0,20140827,552
1,20140827,316
0,20140828,237
1,20140828,570
0,20140829,626
1,20140829,833
0,20140830,730
1,20140830,397
0,20140831,935
1,20140831,899
0,20140901,509
1,20140901,694
0,20140902,478
1,20140902,821
0,20140903,661
1,20140903,158
0,20140904,474
1,20140904,743
0,20140905,197
1,20140905,623
0,20140906,849
1,20140906,487
0,20140907,721
1,20140907,27
0,20140908,55
1,20140908,941
0,20140909,345
1,20140909,382
0,20140910,487
1,20140910,984
0,20140911,787
1,20140911,402
0,20140912,681
1,20140912,671
0,20140913,45
1,20140913,966
0,20140914,509
1,20140914,995
0,20140915,822
1,20140915,381
0,20140916,25
1,20140916,920
0,20140917,534
1,20140917,71
0,20140918,609
1,20140918,411
0,20140919,386
1,20140919,101
0,20140920,216
1,20140920,386
0,20140921,626
1,20140921,529
0,20140922,479
1,20140922,134
0,20140923,118
1,20140923,356
0,20140924,698
1,20140924,292
0,20140925,421
1,20140925,162
0,20140926,424
1,20140926,729
0,20140927,751
1,20140927,378
0,20140928,323
1,20140928,63
0,20140929,639
1,20140929,290
0,20140930,985
1,20140930,395
0,20141001,598
1,20141001,308
0,20141002,508
1,20141002,347
0,20141003,281
1,20141003,508
0,20141004,785
1,20141004,820
0,20141005,527
1,20141005,832
0,20141006,984
1,20141006,750
0,20141007,723
1,20141007,541
0,20141008,906
1,20141008,172
0,20141009,454
1,20141009,385
0,20141010,975
1,20141010,958
0,20141011,928
1,20141011,792
0,20141012,396
1,20141012,888
0,20141013,202
1,20141013,163
0,20141014,109
1,20141014,280
0,20141015,178
1,20141015,412
0,20141016,593
1,20141016,853
0,20141017,4
1,20141017,429
0,20141018,600
1,20141018,290
0,20141019,621
1,20141019,33
0,20141020,356
1,20141020,971
0,20141021,26
1,20141021,483
0,20141022,653
1,20141022,790
0,20141023,946
1,20141023,653
0,20141024,536
1,20141024,865
0,20141025,879
1,20141025,14
0,20141026,43
1,20141026,359
0,20141027,158
1,20141027,425
0,20141028,527
1,20141028,789
0,20141029,125
1,20141029,310
0,20141030,824
1,20141030,207
0,20141031,267
1,20141031,150
0,20141101,105
1,20141101,326
0,20141102,74
1,20141102,650
0,20141103,76
1,20141103,549
0,20141104,330
1,20141104,621
0,20141105,412
1,20141105,841
0,20141106,131
1,20141106,228
0,20141107,307
1,20141107,887
0,20141108,815
1,20141108,375
0,20141109,93
1,20141109,157
0,20141110,996
1,20141110,143
0,20141111,595
1,20141111,531
0,20141112,8
1,20141112,801
0,20141113,359
1,20141113,76
0,20141114,166
1,20141114,86
0,20141115,782
1,20141115,158
0,20141116,388
1,20141116,999
0,20141117,354
1,20141117,10
0,20141118,988
1,20141118,643
0,20141119,616
1,20141119,399
0,20141120,460
1,20141120,805
0,20141121,385
1,20141121,547
0,20141122,675
1,20141122,468
0,20141123,337
1,20141123,282
0,20141124,96
1,20141124,341
0,20141125,498
1,20141125,650
0,20141126,331
1,20141126,887
0,20141127,801
1,20141127,779
0,20141128,145
1,20141128,651
0,20141129,630
1,20141129,958
0,20141130,740
1,20141130,89
0,20141201,495
1,20141201,427
0,20141202,166
1,20141202,667
0,20141203,204
1,20141203,464
0,20141204,18
1,20141204,464
0,20141205,46
1,20141205,215
0,20141206,623
1,20141206,483
0,20141207,515
1,20141207,764
0,20141208,277
1,20141208,842
0,20141209,763
1,20141209,183
0,20141210,226
1,20141210,0
0,20141211,277
1,20141211,763
0,20141212,772
1,20141212,808
0,20141213,662
1,20141213,617
0,20141214,910
1,20141214,13
0,20141215,851
1,20141215,532
0,20141216,457
1,20141216,455
0,20141217,586
1,20141217,45
0,20141218,463
1,20141218,56
0,20141219,221
1,20141219,967
0,20141220,791
1,20141220,304
0,20141221,741
1,20141221,76
0,20141222,965
1,20141222,226
0,20141223,751
1,20141223,298
0,20141224,603
1,20141224,679
0,20141225,774
1,20141225,466
0,20141226,375
1,20141226,810
0,20141227,503
1,20141227,636
0,20141228,479
1,20141228,374
0,20141229,664
1,20141229,196
0,20141230,326
1,20141230,625
0,20141231,614
1,20141231,191
0,20130101,473
1,20130101,639
0,20130102,875
1,20130102,340
0,20130103,603
1,20130103,672
0,20130104,421
1,20130104,532
0,20130105,903
1,20130105,218
0,20130106,228
1,20130106,919
0,20130107,548
1,20130107,823
0,20130108,766
1,20130108,499
0,20130109,466
1,20130109,176
0,20130110,187
1,20130110,960
0,20130111,780
1,20130111,749
0,20130112,630
1,20130112,287
0,20130113,406
1,20130113,214
0,20130114,306
1,20130114,170
0,20130115,442
1,20130115,766
0,20130116,695
1,20130116,819
0,20130117,920
1,20130117,668
0,20130118,749
1,20130118,217
0,20130119,38
1,20130119,113
0,20130120,828
1,20130120,371
0,20130121,90
1,20130121,186
0,20130122,592
1,20130122,702
0,20130123,280
1,20130123,944
0,20130124,619
1,20130124,894
0,20130125,515
1,20130125,546
0,20130126,853
1,20130126,610
0,20130127,565
1,20130127,304
0,20130128,969
1,20130128,356
0,20130129,309
1,20130129,783
0,20130130,948
1,20130130,675
0,20130131,285
1,20130131,528
0,20130201,283
1,20130201,148
0,20130202,964
1,20130202,558
0,20130203,787
1,20130203,693
0,20130204,366
1,20130204,414
0,20130205,474
1,20130205,485
0,20130206,539
1,20130206,928
0,20130207,530
1,20130207,102
0,20130208,349
1,20130208,669
0,20130209,335
1,20130209,410
0,20130210,813
1,20130210,14
0,20130211,795
1,20130211,308
0,20130212,690
1,20130212,593
0,20130213,492
1,20130213,244
0,20130214,131
1,20130214,166
0,20130215,875
1,20130215,268
0,20130216,45
1,20130216,266
0,20130217,236
1,20130217,791
0,20130218,919
1,20130218,676
0,20130219,160
1,20130219,275
0,20130220,177
1,20130220,578
0,20130221,190
1,20130221,360
0,20130222,588
1,20130222,977
0,20130223,799
1,20130223,347
0,20130224,863
1,20130224,831
0,20130225,993
1,20130225,233
0,20130226,267
1,20130226,971
0,20130227,829
1,20130227,676
0,20130228,174
1,20130228,54
0,20130301,609
1,20130301,413
0,20130302,786
1,20130302,51
0,20130303,597
1,20130303,998
0,20130304,717
1,20130304,704
0,20130305,55
1,20130305,247
0,20130306,832
1,20130306,805
0,20130307,714
1,20130307,373
0,20130308,207
1,20130308,464
0,20130309,526
1,20130309,150
0,20130310,818
1,20130310,344
0,20130311,902
1,20130311,736
0,20130312,421
1,20130312,135
0,20130313,79
1,20130313,286
0,20130314,289
1,20130314,919
0,20130315,621
1,20130315,30
0,20130316,402
1,20130316,922
0,20130317,64
1,20130317,618
0,20130318,541
1,20130318,722
0,20130319,166
1,20130319,656
0,20130320,711
1,20130320,228
0,20130321,388
1,20130321,127
0,20130322,20
1,20130322,659
0,20130323,221
1,20130323,905
0,20130324,740
1,20130324,815
0,20130325,271
1,20130325,524
0,20130326,247
1,20130326,900
0,20130327,300
1,20130327,562
0,20130328,33
1,20130328,682
0,20130329,919
1,20130329,557
0,20130330,735
1,20130330,594
0,20130331,309
1,20130331,756
0,20130401,506
1,20130401,897
0,20130402,775
1,20130402,917
0,20130403,312
1,20130403,312
0,20130404,972
1,20130404,372
0,20130405,224
1,20130405,405
0,20130406,285
1,20130406,114
0,20130407,223
1,20130407,963
0,20130408,253
1,20130408,311
0,20130409,132
1,20130409,484
0,20130410,782
1,20130410,855
0,20130411,450
1,20130411,831
0,20130412,789
1,20130412,620
0,20130413,479
1,20130413,453
0,20130414,289
1,20130414,87
0,20130415,219
1,20130415,863
0,20130416,533
1,20130416,928
0,20130417,124
1,20130417,573
0,20130418,733
1,20130418,599
0,20130419,224
1,20130419,147
0,20130420,513
1,20130420,274
0,20130421,374
1,20130421,926
0,20130422,895
1,20130422,24
0,20130423,716
1,20130423,349
0,20130424,415
1,20130424,737
0,20130425,561
1,20130425,326
0,20130426,258
1,20130426,18
0,20130427,339
1,20130427,391
0,20130428,814
1,20130428,686
0,20130429,968
1,20130429,167
0,20130430,52
1,20130430,788
0,20130501,981
1,20130501,389
0,20130502,218
1,20130502,171
0,20130503,347
1,20130503,208
0,20130504,74
1,20130504,858
0,20130505,416
1,20130505,513
0,20130506,535
1,20130506,41
0,20130507,615
1,20130507,508
0,20130508,979
1,20130508,121
0,20130509,190
1,20130509,261
0,20130510,466
1,20130510,81
0,20130511,759
1,20130511,381
0,20130512,790
1,20130512,535
0,20130513,757
1,20130513,566
0,20130514,439
1,20130514,343
0,20130515,252
1,20130515,527
0,20130516,274
1,20130516,500
0,20130517,952
1,20130517,298
0,20130518,949
1,20130518,134
0,20130519,482
1,20130519,860
0,20130520,395
1,20130520,562
0,20130521,465
1,20130521,738
0,20130522,106
1,20130522,426
0,20130523,921
1,20130523,217
0,20130524,902
1,20130524,708
0,20130525,435
1,20130525,61
0,20130526,781
1,20130526,492
0,20130527,601
1,20130527,22
0,20130528,568
1,20130528,931
0,20130529,768
1,20130529,416
0,20130530,676
1,20130530,52
0,20130531,982
1,20130531,513
0,20130601,372
1,20130601,600
0,20130602,702
1,20130602,661
0,20130603,676
1,20130603,430
0,20130604,383
1,20130604,557
0,20130605,975
1,20130605,920
0,20130606,819
1,20130606,570
0,20130607,738
1,20130607,968
0,20130608,726
1,20130608,3
0,20130609,814
1,20130609,444
0,20130610,190
1,20130610,285
0,20130611,46
1,20130611,244
0,20130612,405
1,20130612,883
0,20130613,738
1,20130613,547
0,20130614,795
1,20130614,264
0,20130615,99
1,20130615,535
0,20130616,288
1,20130616,2
0,20130617,206
1,20130617,127
0,20130618,420
1,20130618,58
0,20130619,771
1,20130619,412
0,20130620,691
1,20130620,249
0,20130621,122
1,20130621,880
0,20130622,748
1,20130622,876
0,20130623,906
1,20130623,494
0,20130624,621
1,20130624,383
0,20130625,785
1,20130625,624
0,20130626,647
1,20130626,897
0,20130627,117
1,20130627,559
0,20130628,367
1,20130628,599
0,20130629,678
1,20130629,223
0,20130630,517
1,20130630,103
0,20130701,330
1,20130701,612
0,20130702,630
1,20130702,572
0,20130703,654
1,20130703,998
0,20130704,342
1,20130704,312
0,20130705,273
1,20130705,75
0,20130706,17
1,20130706,202
0,20130707,261
1,20130707,267
0,20130708,382
1,20130708,700
0,20130709,430
1,20130709,688
0,20130710,850
1,20130710,728
0,20130711,439
1,20130711,418
0,20130712,994
1,20130712,852
0,20130713,120
1,20130713,862
0,20130714,845
1,20130714,283
0,20130715,665
1,20130715,477
0,20130716,87
1,20130716,363
0,20130717,672
1,20130717,397
0,20130718,89
1,20130718,627
0,20130719,483
1,20130719,460
0,20130720,661
1,20130720,747
0,20130721,828
1,20130721,587
0,20130722,282
1,20130722,57
0,20130723,460
1,20130723,69
0,20130724,818
1,20130724,746
0,20130725,324
1,20130725,349
0,20130726,453
1,20130726,527
0,20130727,126
1,20130727,197
0,20130728,106
1,20130728,618
0,20130729,350
1,20130729,926
0,20130730,58
1,20130730,305
0,20130731,835
1,20130731,268
0,20130801,1
1,20130801,504
0,20130802,219
1,20130802,868
0,20130803,928
1,20130803,636
0,20130804,331
1,20130804,726
0,20130805,505
1,20130805,29
0,20130806,396
1,20130806,632
0,20130807,534
1,20130807,738
0,20130808,571
1,20130808,727
0,20130809,530
1,20130809,852
0,20130810,556
1,20130810,114
0,20130811,609
1,20130811,835
0,20130812,32
1,20130812,23
0,20130813,570
1,20130813,988
0,20130814,10
1,20130814,59
0,20130815,26
1,20130815,942
0,20130816,476
1,20130816,406
0,20130817,673
1,20130817,460
0,20130818,860
1,20130818,987
0,20130819,10
1,20130819,561
0,20130820,820
1,20130820,975
0,20130821,552
1,20130821,175
0,20130822,244
1,20130822,124
0,20130823,825
1,20130823,404
0,20130824,180
1,20130824,887
0,20130825,472
1,20130825,440
0,20130826,62
1,20130826,129
0,20130827,406
1,20130827,657
0,20130828,604
1,20130828,390
0,20130829,585
1,20130829,589
0,20130830,516
1,20130830,703
0,20130831,514
1,20130831,928
0,20130901,653
1,20130901,423
0,20130902,669
1,20130902,374
0,20130903,833
1,20130903,95
0,20130904,469
1,20130904,129
0,20130905,749
1,20130905,954
0,20130906,616
1,20130906,659
0,20130907,753
1,20130907,327
0,20130908,736
1,20130908,922
0,20130909,646
1,20130909,753
0,20130910,728
1,20130910,528
0,20130911,679
1,20130911,203
0,20130912,106
1,20130912,498
0,20130913,660
1,20130913,769
0,20130914,718
1,20130914,726
0,20130915,658
1,20130915,783
0,20130916,911
1,20130916,992
0,20130917,815
1,20130917,192
0,20130918,669
1,20130918,424
0,20130919,85
1,20130919,847
0,20130920,127
1,20130920,992
0,20130921,406
1,20130921,600
0,20130922,833
1,20130922,237
0,20130923,698
1,20130923,682
0,20130924,880
1,20130924,279
0,20130925,59
1,20130925,177
0,20130926,29
1,20130926,773
0,20130927,717
1,20130927,176
0,20130928,483
1,20130928,657
0,20130929,405
1,20130929,731
0,20130930,930
1,20130930,688
0,20131001,444
1,20131001,101
0,20131002,68
1,20131002,653
0,20131003,378
1,20131003,877
0,20131004,386
1,20131004,966
0,20131005,16
1,20131005,622
0,20131006,813
1,20131006,372
0,20131007,846
1,20131007,779
0,20131008,503
1,20131008,512
0,20131009,991
1,20131009,667
0,20131010,715
1,20131010,182
0,20131011,25
1,20131011,433
0,20131012,123
1,20131012,605
0,20131013,360
1,20131013,229
0,20131014,586
1,20131014,184
0,20131015,895
1,20131015,458
0,20131016,50
1,20131016,131
0,20131017,479
1,20131017,439
0,20131018,334
1,20131018,431
0,20131019,855
1,20131019,743
0,20131020,173
1,20131020,499
0,20131021,473
1,20131021,177
0,20131022,316
1,20131022,548
0,20131023,946
1,20131023,255
0,20131024,105
1,20131024,409
0,20131025,552
1,20131025,864
0,20131026,524
1,20131026,445
0,20131027,353
1,20131027,249
0,20131028,635
1,20131028,261
0,20131029,144
1,20131029,479
0,20131030,122
1,20131030,758
0,20131031,695
1,20131031,560
0,20131101,908
1,20131101,440
0,20131102,24
1,20131102,956
0,20131103,155
1,20131103,421
0,20131104,531
1,20131104,221
0,20131105,645
1,20131105,282
0,20131106,929
1,20131106,481
0,20131107,224
1,20131107,341
0,20131108,782
1,20131108,381
0,20131109,707
1,20131109,461
0,20131110,879
1,20131110,486
0,20131111,439
1,20131111,721
0,20131112,224
1,20131112,480
0,20131113,378
1,20131113,812
0,20131114,833
1,20131114,236
0,20131115,706
1,20131115,745
0,20131116,405
1,20131116,674
0,20131117,766
1,20131117,303
0,20131118,185
1,20131118,652
0,20131119,298
1,20131119,671
0,20131120,280
1,20131120,504
0,20131121,725
1,20131121,602
0,20131122,190
1,20131122,509
0,20131123,562
1,20131123,835
0,20131124,597
1,20131124,893
0,20131125,619
1,20131125,207
0,20131126,208
1,20131126,792
0,20131127,411
1,20131127,952
0,20131128,836
1,20131128,364
0,20131129,182
1,20131129,320
0,20131130,762
1,20131130,347
0,20131201,65
1,20131201,901
0,20131202,259
1,20131202,104
0,20131203,360
1,20131203,329
0,20131204,229
1,20131204,973
0,20131205,165
1,20131205,652
0,20131206,748
1,20131206,606
0,20131207,325
1,20131207,822
0,20131208,471
1,20131208,645
0,20131209,262
1,20131209,547
0,20131210,171
1,20131210,426
0,20131211,568
1,20131211,384
0,20131212,489
1,20131212,539
0,20131213,312
1,20131213,278
0,20131214,394
1,20131214,143
0,20131215,573
1,20131215,188
0,20131216,616
1,20131216,632
0,20131217,551
1,20131217,679
0,20131218,281
1,20131218,388
0,20131219,819
1,20131219,393
0,20131220,789
1,20131220,52
0,20131221,593
1,20131221,105
0,20131222,175
1,20131222,803
0,20131223,74
1,20131223,931
0,20131224,863
1,20131224,423
0,20131225,124
1,20131225,22
0,20131226,804
1,20131226,29
0,20131227,30
1,20131227,996
0,20131228,958
1,20131228,952
0,20131229,507
1,20131229,232
0,20131230,483
1,20131230,154
0,20131231,567
1,20131231,537
0,20120101,991
1,20120101,441
0,20120102,516
1,20120102,629
0,20120103,188
1,20120103,212
0,20120104,845
1,20120104,349
0,20120105,219
1,20120105,444
0,20120106,345
1,20120106,13
0,20120107,519
1,20120107,346
0,20120108,503
1,20120108,938
0,20120109,10
1,20120109,109
0,20120110,994
1,20120110,123
0,20120111,514
1,20120111,875
0,20120112,275
1,20120112,609
0,20120113,526
1,20120113,562
0,20120114,292
1,20120114,984
0,20120115,337
1,20120115,945
0,20120116,309
1,20120116,622
0,20120117,560
1,20120117,176
0,20120118,352
1,20120118,126
0,20120119,697
1,20120119,743
0,20120120,580
1,20120120,588
0,20120121,293
1,20120121,680
0,20120122,126
1,20120122,26
0,20120123,485
1,20120123,904
0,20120124,576
1,20120124,12
0,20120125,881
1,20120125,690
0,20120126,30
1,20120126,196
0,20120127,610
1,20120127,298
0,20120128,776
1,20120128,533
0,20120129,202
1,20120129,532
0,20120130,235
1,20120130,105
0,20120131,862
1,20120131,2
0,20120201,18
1,20120201,140
0,20120202,23
1,20120202,113
0,20120203,333
1,20120203,141
0,20120204,163
1,20120204,442
0,20120205,779
1,20120205,86
0,20120206,930
1,20120206,733
0,20120207,460
1,20120207,487
0,20120208,294
1,20120208,451
0,20120209,540
1,20120209,865
0,20120210,375
1,20120210,720
0,20120211,553
1,20120211,740
0,20120212,202
1,20120212,410
0,20120213,510
1,20120213,404
0,20120214,690
1,20120214,326
0,20120215,219
1,20120215,442
0,20120216,826
1,20120216,718
0,20120217,928
1,20120217,769
0,20120218,251
1,20120218,920
0,20120219,628
1,20120219,172
0,20120220,653
1,20120220,272
0,20120221,255
1,20120221,511
0,20120222,313
1,20120222,290
0,20120223,224
1,20120223,14
0,20120224,363
1,20120224,658
0,20120225,750
1,20120225,806
0,20120226,526
1,20120226,770
0,20120227,416
1,20120227,155
0,20120228,908
1,20120228,397
0,20120229,0
1,20120229,783
0,20120301,128
1,20120301,970
0,20120302,900
1,20120302,216
0,20120303,4
1,20120303,519
0,20120304,599
1,20120304,592
0,20120305,528
1,20120305,897
0,20120306,588
1,20120306,908
0,20120307,253
1,20120307,139
0,20120308,731
1,20120308,971
0,20120309,394
1,20120309,768
0,20120310,885
1,20120310,934
0,20120311,856
1,20120311,37
0,20120312,959
1,20120312,121
0,20120313,236
1,20120313,139
0,20120314,770
1,20120314,841
0,20120315,196
1,20120315,386
0,20120316,973
1,20120316,147
0,20120317,212
1,20120317,332
0,20120318,926
1,20120318,996
0,20120319,797
1,20120319,866
0,20120320,272
1,20120320,467
0,20120321,430
1,20120321,28
0,20120322,347
1,20120322,463
0,20120323,694
1,20120323,927
0,20120324,317
1,20120324,142
0,20120325,315
1,20120325,492
0,20120326,71
1,20120326,100
0,20120327,437
1,20120327,446
0,20120328,869
1,20120328,856
0,20120329,951
1,20120329,883
0,20120330,22
1,20120330,377
0,20120331,669
1,20120331,730
0,20120401,627
1,20120401,620
0,20120402,664
1,20120402,38
0,20120403,91
1,20120403,543
0,20120404,29
1,20120404,123
0,20120405,832
1,20120405,398
0,20120406,929
1,20120406,664
0,20120407,573
1,20120407,754
0,20120408,735
1,20120408,940
0,20120409,168
1,20120409,157
0,20120410,693
1,20120410,560
0,20120411,305
1,20120411,982
0,20120412,166
1,20120412,528
0,20120413,268
1,20120413,437
0,20120414,456
1,20120414,684
0,20120415,437
1,20120415,746
0,20120416,18
1,20120416,844
0,20120417,776
1,20120417,354
0,20120418,992
1,20120418,975
0,20120419,112
1,20120419,998
0,20120420,445
1,20120420,855
0,20120421,4
1,20120421,314
0,20120422,9
1,20120422,721
0,20120423,219
1,20120423,21
0,20120424,707
1,20120424,612
0,20120425,822
1,20120425,76
0,20120426,352
1,20120426,215
0,20120427,574
1,20120427,182
0,20120428,390
1,20120428,277
0,20120429,474
1,20120429,70
0,20120430,54
1,20120430,284
0,20120501,499
1,20120501,837
0,20120502,8
1,20120502,160
0,20120503,494
1,20120503,80
0,20120504,586
1,20120504,429
0,20120505,354
1,20120505,992
0,20120506,155
1,20120506,791
0,20120507,634
1,20120507,708
0,20120508,229
1,20120508,911
0,20120509,433
1,20120509,115
0,20120510,36
1,20120510,31
0,20120511,467
1,20120511,511
0,20120512,431
1,20120512,493
0,20120513,212
1,20120513,219
0,20120514,255
1,20120514,401
0,20120515,289
1,20120515,418
0,20120516,276
1,20120516,640
0,20120517,358
1,20120517,713
0,20120518,556
1,20120518,458
0,20120519,26
1,20120519,171
0,20120520,262
1,20120520,281
0,20120521,477
1,20120521,808
0,20120522,460
1,20120522,847
0,20120523,465
1,20120523,462
0,20120524,124
1,20120524,227
0,20120525,202
1,20120525,371
0,20120526,371
1,20120526,887
0,20120527,240
1,20120527,842
0,20120528,15
1,20120528,847
0,20120529,822
1,20120529,232
0,20120530,409
1,20120530,472
0,20120531,300
1,20120531,547
0,20120601,499
1,20120601,6
0,20120602,260
1,20120602,90
0,20120603,136
1,20120603,422
0,20120604,20
1,20120604,494
0,20120605,13
1,20120605,920
0,20120606,986
1,20120606,400
0,20120607,252
1,20120607,823
0,20120608,125
1,20120608,257
0,20120609,43
1,20120609,731
0,20120610,144
1,20120610,159
0,20120611,208
1,20120611,942
0,20120612,867
1,20120612,616
0,20120613,352
1,20120613,911
0,20120614,316
1,20120614,125
0,20120615,497
1,20120615,288
0,20120616,109
1,20120616,239
0,20120617,28
1,20120617,773
0,20120618,69
1,20120618,979
0,20120619,916
1,20120619,447
0,20120620,443
1,20120620,181
0,20120621,625
1,20120621,572
0,20120622,519
1,20120622,123
0,20120623,85
1,20120623,788
0,20120624,491
1,20120624,587
0,20120625,497
1,20120625,841
0,20120626,304
1,20120626,405
0,20120627,530
1,20120627,882
0,20120628,808
1,20120628,745
0,20120629,854
1,20120629,119
0,20120630,779
1,20120630,805
0,20120701,715
1,20120701,260
0,20120702,818
1,20120702,577
0,20120703,966
1,20120703,845
0,20120704,755
1,20120704,503
0,20120705,231
1,20120705,431
0,20120706,47
1,20120706,45
0,20120707,808
1,20120707,514
0,20120708,675
1,20120708,271
0,20120709,139
1,20120709,22
0,20120710,763
1,20120710,46
0,20120711,165
1,20120711,577
0,20120712,643
1,20120712,170
0,20120713,585
1,20120713,721
0,20120714,553
1,20120714,899
0,20120715,414
1,20120715,177
0,20120716,245
1,20120716,981
0,20120717,120
1,20120717,133
0,20120718,322
1,20120718,920
0,20120719,936
1,20120719,54
0,20120720,894
1,20120720,459
0,20120721,779
1,20120721,367
0,20120722,763
1,20120722,131
0,20120723,102
1,20120723,24
0,20120724,968
1,20120724,836
0,20120725,178
1,20120725,453
0,20120726,610
1,20120726,449
0,20120727,46
1,20120727,172
0,20120728,955
1,20120728,779
0,20120729,428
1,20120729,162
0,20120730,617
1,20120730,771
0,20120731,651
1,20120731,567
0,20120801,146
1,20120801,19
0,20120802,910
1,20120802,709
0,20120803,416
1,20120803,218
0,20120804,157
1,20120804,914
0,20120805,859
1,20120805,368
0,20120806,619
1,20120806,640
0,20120807,802
1,20120807,231
0,20120808,894
0,20120809,17
1,20120809,675
0,20120810,57
1,20120810,695
0,20120811,788
1,20120811,622
0,20120812,649
1,20120812,499
0,20120813,714
1,20120813,753
0,20120814,909
1,20120814,987
0,20120815,65
1,20120815,845
0,20120816,358
1,20120816,193
0,20120817,830
1,20120817,629
0,20120818,575
1,20120818,947
0,20120819,382
1,20120819,170
0,20120820,551
1,20120820,806
0,20120821,770
1,20120821,507
0,20120822,764
1,20120822,184
0,20120823,774
1,20120823,128
0,20120824,489
1,20120824,325
0,20120825,388
1,20120825,859
0,20120826,69
1,20120826,606
0,20120827,695
1,20120827,688
0,20120828,581
1,20120828,650
0,20120829,183
1,20120829,175
0,20120830,546
1,20120830,524
0,20120831,399
1,20120831,870
0,20120901,827
1,20120901,77
0,20120902,264
1,20120902,536
0,20120903,106
1,20120903,19
0,20120904,898
1,20120904,468
0,20120905,835
1,20120905,433
0,20120906,54
1,20120906,351
0,20120907,839
1,20120907,1
0,20120908,617
1,20120908,45
0,20120909,44
1,20120909,590
0,20120910,200
1,20120910,25
0,20120911,775
1,20120911,388
0,20120912,574
1,20120912,137
0,20120913,420
1,20120913,791
0,20120914,512
1,20120914,198
0,20120915,488
1,20120915,296
0,20120916,30
1,20120916,660
0,20120917,953
1,20120917,29
0,20120918,477
1,20120918,24
0,20120919,747
1,20120919,513
0,20120920,623
1,20120920,443
0,20120921,690
1,20120921,230
0,20120922,553
1,20120922,252
0,20120923,724
1,20120923,11
0,20120924,280
1,20120924,181
0,20120925,943
1,20120925,9
0,20120926,799
1,20120926,11
0,20120927,609
1,20120927,553
0,20120928,128
1,20120928,628
0,20120929,605
1,20120929,421
0,20120930,912
1,20120930,677
0,20121001,21
1,20121001,352
0,20121002,286
1,20121002,122
0,20121003,651
1,20121003,661
0,20121004,706
1,20121004,151
0,20121005,826
1,20121005,248
0,20121006,544
1,20121006,485
0,20121007,276
1,20121007,250
0,20121008,952
1,20121008,861
0,20121009,716
1,20121009,559
0,20121010,667
1,20121010,945
0,20121011,264
1,20121011,491
0,20121012,678
1,20121012,870
0,20121013,340
1,20121013,547
0,20121014,541
1,20121014,395
0,20121015,365
1,20121015,803
0,20121016,995
1,20121016,816
0,20121017,649
1,20121017,102
0,20121018,746
1,20121018,847
0,20121019,924
1,20121019,512
0,20121020,442
1,20121020,997
0,20121021,984
1,20121021,866
0,20121022,727
1,20121022,994
0,20121023,965
1,20121023,636
0,20121024,621
1,20121024,167
0,20121025,103
1,20121025,631
0,20121026,322
1,20121026,774
0,20121027,682
1,20121027,282
0,20121028,661
1,20121028,762
0,20121029,280
1,20121029,488
0,20121030,135
1,20121030,845
0,20121031,680
1,20121031,240
0,20121101,349
1,20121101,527
0,20121102,518
1,20121102,856
0,20121103,547
1,20121103,292
0,20121104,85
1,20121104,759
0,20121105,206
1,20121105,373
0,20121106,26
1,20121106,675
0,20121107,776
1,20121107,154
0,20121108,253
1,20121108,302
0,20121109,476
1,20121109,811
0,20121110,299
1,20121110,802
0,20121111,84
1,20121111,229
0,20121112,615
1,20121112,663
0,20121113,402
1,20121113,587
0,20121114,271
1,20121114,163
0,20121115,144
1,20121115,325
0,20121116,301
1,20121116,825
0,20121117,294
1,20121117,535
0,20121118,278
1,20121118,351
0,20121119,163
1,20121119,120
0,20121120,715
1,20121120,137
0,20121121,125
1,20121121,414
0,20121122,239
1,20121122,917
0,20121123,282
1,20121123,601
0,20121124,242
1,20121124,448
0,20121125,182
1,20121125,951
0,20121126,220
1,20121126,785
0,20121127,501
1,20121127,652
0,20121128,453
1,20121128,20
0,20121129,225
1,20121129,108
0,20121130,281
1,20121130,938
0,20121201,645
1,20121201,361
0,20121202,13
1,20121202,667
0,20121203,865
1,20121203,284
0,20121204,0
1,20121204,556
0,20121205,790
1,20121205,272
0,20121206,222
1,20121206,118
0,20121207,821
1,20121207,303
0,20121208,291
1,20121208,830
0,20121209,896
1,20121209,121
0,20121210,961
1,20121210,550
0,20121211,22
1,20121211,169
0,20121212,679
1,20121212,257
0,20121213,753
1,20121213,825
0,20121214,806
1,20121214,89
0,20121215,304
1,20121215,685
0,20121216,340
1,20121216,887
0,20121217,219
1,20121217,178
0,20121218,211
1,20121218,448
0,20121219,600
1,20121219,286
0,20121220,384
1,20121220,923
0,20121221,73
1,20121221,408
0,20121222,125
1,20121222,294
0,20121223,63
1,20121223,65
0,20121224,301
1,20121224,821
0,20121225,384
1,20121225,59
0,20121226,936
1,20121226,112
0,20121227,343
1,20121227,920
0,20121228,773
1,20121228,365
0,20121229,726
1,20121229,757
0,20121230,763
1,20121230,624
0,20121231,311
1,20121231,521
0,20110101,491
1,20110101,915
0,20110102,20
1,20110102,562
0,20110103,529
1,20110103,588
0,20110104,720
1,20110104,208
0,20110105,78
1,20110105,606
0,20110106,800
1,20110106,206
0,20110107,796
1,20110107,623
0,20110108,188
1,20110108,26
0,20110109,327
1,20110109,715
0,20110110,957
1,20110110,518
0,20110111,592
1,20110111,472
0,20110112,555
1,20110112,144
0,20110113,749
1,20110113,494
0,20110114,650
1,20110114,789
0,20110115,132
1,20110115,197
0,20110116,978
1,20110116,953
0,20110117,490
1,20110117,90
0,20110118,114
1,20110118,149
0,20110119,723
1,20110119,81
0,20110120,165
1,20110120,975
0,20110121,894
1,20110121,560
0,20110122,1
1,20110122,11
0,20110123,247
1,20110123,658
0,20110124,779
1,20110124,697
0,20110125,295
1,20110125,460
0,20110126,66
1,20110126,298
0,20110127,710
1,20110127,936
0,20110128,790
1,20110128,460
0,20110129,293
1,20110129,539
0,20110130,573
1,20110130,689
0,20110131,547
1,20110131,939
0,20110201,158
1,20110201,945
0,20110202,642
1,20110202,797
0,20110203,467
1,20110203,319
1,20110204,27
0,20110204,915
0,20110205,239
1,20110205,973
0,20110206,954
1,20110206,939
0,20110207,66
1,20110207,79
0,20110208,599
1,20110208,562
1,20110209,989
0,20110209,498
0,20110210,81
1,20110210,631
0,20110211,80
1,20110211,987
0,20110212,932
1,20110212,461
0,20110213,11
1,20110213,599
0,20110214,723
1,20110214,821
0,20110215,356
1,20110215,868
0,20110216,202
1,20110216,806
0,20110217,578
1,20110217,123
0,20110218,876
1,20110218,366
0,20110219,158
1,20110219,988
0,20110220,802
1,20110220,885
0,20110221,386
1,20110221,421
0,20110222,654
1,20110222,371
0,20110223,215
1,20110223,538
0,20110224,761
1,20110224,318
0,20110225,712
1,20110225,710
0,20110226,858
1,20110226,317
0,20110227,340
1,20110227,132
0,20110228,14
1,20110228,191
0,20110301,615
1,20110301,993
0,20110302,271
1,20110302,60
0,20110303,883
1,20110303,626
0,20110304,301
1,20110304,720
0,20110305,115
1,20110305,980
0,20110306,708
1,20110306,998
0,20110307,942
1,20110307,804
0,20110308,819
1,20110308,52
0,20110309,288
1,20110309,474
0,20110310,71
1,20110310,710
0,20110311,350
1,20110311,558
0,20110312,343
1,20110312,658
0,20110313,220
1,20110313,7
0,20110314,454
1,20110314,345
0,20110315,168
1,20110315,880
0,20110316,692
1,20110316,571
0,20110317,706
1,20110317,808
0,20110318,338
1,20110318,547
0,20110319,274
1,20110319,376
0,20110320,455
1,20110320,17
0,20110321,620
1,20110321,435
0,20110322,476
1,20110322,799
0,20110323,802
1,20110323,718
0,20110324,725
1,20110324,727
0,20110325,478
1,20110325,238
0,20110326,72
1,20110326,243
0,20110327,30
1,20110327,234
0,20110328,991
1,20110328,62
0,20110329,373
1,20110329,939
0,20110330,733
1,20110330,781
0,20110331,932
1,20110331,300
0,20110401,723
1,20110401,553
0,20110402,987
1,20110402,601
0,20110403,370
1,20110403,706
0,20110404,920
1,20110404,926
0,20110405,506
1,20110405,416
0,20110406,774
1,20110406,755
0,20110407,995
1,20110407,400
0,20110408,574
1,20110408,237
0,20110409,661
1,20110409,379
0,20110410,111
1,20110410,594
0,20110411,345
1,20110411,520
0,20110412,534
1,20110412,113
0,20110413,314
1,20110413,533
0,20110414,905
1,20110414,913
0,20110415,91
1,20110415,319
0,20110416,675
1,20110416,445
0,20110417,597
1,20110417,814
0,20110418,260
1,20110418,418
0,20110419,459
1,20110419,370
0,20110420,356
1,20110420,714
0,20110421,276
1,20110421,848
0,20110422,893
1,20110422,845
0,20110423,152
1,20110423,803
0,20110424,535
1,20110424,808
0,20110425,758
1,20110425,137
0,20110426,388
1,20110426,951
0,20110427,569
1,20110427,334
0,20110428,84
1,20110428,172
0,20110429,586
1,20110429,730
0,20110430,673
1,20110430,164
0,20110501,687
1,20110501,254
0,20110502,123
1,20110502,516
0,20110503,168
1,20110503,144
0,20110504,435
1,20110504,493
0,20110505,19
1,20110505,963
0,20110506,273
1,20110506,978
0,20110507,537
1,20110507,530
0,20110508,736
1,20110508,96
0,20110509,309
1,20110509,431
0,20110510,802
1,20110510,488
0,20110511,631
1,20110511,99
0,20110512,242
1,20110512,217
0,20110513,689
1,20110513,348
0,20110514,275
1,20110514,863
0,20110515,58
1,20110515,420
0,20110516,593
1,20110516,828
0,20110517,799
1,20110517,653
0,20110518,950
1,20110518,366
0,20110519,467
1,20110519,516
0,20110520,291
1,20110520,929
0,20110521,748
1,20110521,12
0,20110522,612
1,20110522,587
0,20110523,336
1,20110523,933
0,20110524,815
1,20110524,440
0,20110525,312
1,20110525,210
0,20110526,564
1,20110526,549
0,20110527,233
1,20110527,361
0,20110528,370
1,20110528,269
0,20110529,586
1,20110529,202
0,20110530,900
1,20110530,416
0,20110531,119
1,20110531,60
0,20110601,308
1,20110601,572
0,20110602,723
1,20110602,430
0,20110603,657
1,20110603,214
0,20110604,735
1,20110604,103
0,20110605,41
1,20110605,918
0,20110606,402
1,20110606,630
0,20110607,807
1,20110607,24
0,20110608,608
1,20110608,527
0,20110609,145
1,20110609,753
0,20110610,987
1,20110610,454
0,20110611,162
1,20110611,461
0,20110612,581
1,20110612,467
0,20110613,775
1,20110613,894
0,20110614,644
1,20110614,718
0,20110615,651
1,20110615,99
0,20110616,229
1,20110616,350
0,20110617,962
1,20110617,135
0,20110618,80
1,20110618,703
0,20110619,340
1,20110619,650
0,20110620,386
1,20110620,161
0,20110621,908
1,20110621,20
0,20110622,998
1,20110622,32
0,20110623,563
1,20110623,4
0,20110624,359
1,20110624,271
0,20110625,673
1,20110625,813
0,20110626,373
1,20110626,859
0,20110627,374
1,20110627,473
0,20110628,790
1,20110628,659
0,20110629,398
1,20110629,432
0,20110630,228
1,20110630,618
0,20110701,361
1,20110701,735
0,20110702,679
1,20110702,727
0,20110703,314
1,20110703,289
0,20110704,477
1,20110704,381
0,20110705,502
1,20110705,204
0,20110706,676
1,20110706,935
0,20110707,450
1,20110707,571
0,20110708,501
1,20110708,361
0,20110709,75
1,20110709,593
0,20110710,761
1,20110710,941
0,20110711,283
1,20110711,386
0,20110712,654
1,20110712,739
0,20110713,501
1,20110713,436
0,20110714,530
1,20110714,904
0,20110715,445
1,20110715,842
0,20110716,989
1,20110716,301
0,20110717,396
1,20110717,573
0,20110718,726
1,20110718,116
0,20110719,985
1,20110719,806
0,20110720,494
1,20110720,326
0,20110721,433
1,20110721,998
0,20110722,372
1,20110722,585
0,20110723,260
1,20110723,498
0,20110724,892
1,20110724,601
0,20110725,917
1,20110725,131
0,20110726,569
1,20110726,108
0,20110727,237
1,20110727,499
0,20110728,779
1,20110728,800
0,20110729,735
1,20110729,614
0,20110730,350
1,20110730,68
0,20110731,7
1,20110731,461
0,20110801,705
1,20110801,618
0,20110802,805
1,20110802,615
0,20110803,297
1,20110803,310
0,20110804,192
1,20110804,137
0,20110805,260
1,20110805,564
0,20110806,958
1,20110806,28
0,20110807,230
1,20110807,407
0,20110808,744
1,20110808,224
0,20110809,721
1,20110809,735
0,20110810,255
1,20110810,844
0,20110811,271
1,20110811,677
0,20110812,643
1,20110812,757
0,20110813,937
1,20110813,353
0,20110814,649
1,20110814,440
0,20110815,655
1,20110815,784
0,20110816,561
1,20110816,264
0,20110817,958
1,20110817,713
0,20110818,992
1,20110818,934
0,20110819,438
1,20110819,391
0,20110820,483
1,20110820,726
0,20110821,828
1,20110821,934
0,20110822,645
1,20110822,396
0,20110823,283
1,20110823,132
0,20110824,304
1,20110824,949
0,20110825,957
1,20110825,621
0,20110826,261
1,20110826,900
0,20110827,854
1,20110827,168
0,20110828,415
1,20110828,974
0,20110829,47
1,20110829,948
0,20110830,701
1,20110830,202
0,20110831,223
1,20110831,639
0,20110901,786
1,20110901,964
0,20110902,246
1,20110902,725
0,20110903,71
1,20110903,909
0,20110904,438
1,20110904,905
0,20110905,499
1,20110905,98
0,20110906,102
1,20110906,607
0,20110907,119
1,20110907,378
0,20110908,979
1,20110908,567
0,20110909,552
1,20110909,480
0,20110910,885
1,20110910,129
0,20110911,65
1,20110911,664
0,20110912,677
1,20110912,689
0,20110913,898
1,20110913,706
0,20110914,717
1,20110914,609
0,20110915,18
1,20110915,41
0,20110916,544
1,20110916,530
0,20110917,915
1,20110917,213
0,20110918,328
1,20110918,146
0,20110919,439
1,20110919,240
0,20110920,622
1,20110920,202
0,20110921,441
1,20110921,778
0,20110922,944
1,20110922,305
0,20110923,740
1,20110923,405
0,20110924,925
1,20110924,933
0,20110925,830
1,20110925,712
0,20110926,8
1,20110926,334
0,20110927,903
1,20110927,369
0,20110928,892
1,20110928,759
0,20110929,147
1,20110929,248
0,20110930,135
1,20110930,649
0,20111001,353
1,20111001,705
0,20111002,649
1,20111002,235
0,20111003,637
1,20111003,646
0,20111004,498
1,20111004,505
0,20111005,892
1,20111005,279
0,20111006,466
1,20111006,519
0,20111007,999
1,20111007,558
0,20111008,32
1,20111008,619
0,20111009,491
1,20111009,764
0,20111010,346
1,20111010,275
0,20111011,779
1,20111011,445
0,20111012,145
1,20111012,184
0,20111013,850
1,20111013,214
0,20111014,105
1,20111014,114
0,20111015,907
1,20111015,36
0,20111016,836
1,20111016,539
0,20111017,844
1,20111017,103
0,20111018,699
1,20111018,85
0,20111019,299
1,20111019,477
0,20111020,484
1,20111020,290
0,20111021,5
1,20111021,291
0,20111022,123
1,20111022,145
0,20111023,355
1,20111023,306
0,20111024,885
1,20111024,649
0,20111025,67
1,20111025,151
0,20111026,885
1,20111026,951
0,20111027,890
1,20111027,896
0,20111028,380
1,20111028,975
0,20111029,729
1,20111029,526
0,20111030,344
1,20111030,242
0,20111031,138
1,20111031,760
0,20111101,190
1,20111101,561
0,20111102,6
1,20111102,27
0,20111103,690
1,20111103,810
0,20111104,841
1,20111104,99
0,20111105,675
1,20111105,134
0,20111106,876
1,20111106,351
0,20111107,708
1,20111107,887
0,20111108,554
1,20111108,426
0,20111109,66
1,20111109,249
0,20111110,974
1,20111110,838
0,20111111,990
1,20111111,816
0,20111112,445
1,20111112,13
0,20111113,702
1,20111113,757
0,20111114,578
1,20111114,923
0,20111115,514
1,20111115,343
0,20111116,444
1,20111116,26
0,20111117,691
1,20111117,752
0,20111118,59
1,20111118,748
0,20111119,44
1,20111119,113
0,20111120,284
1,20111120,153
0,20111121,647
1,20111121,388
0,20111122,893
1,20111122,928
0,20111123,465
1,20111123,499
0,20111124,119
1,20111124,624
0,20111125,780
1,20111125,687
0,20111126,826
1,20111126,370
0,20111127,919
1,20111127,466
0,20111128,650
1,20111128,833
0,20111129,294
1,20111129,315
0,20111130,289
1,20111130,255
0,20111201,734
1,20111201,369
0,20111202,602
1,20111202,507
0,20111203,832
1,20111203,184
0,20111204,195
1,20111204,50
0,20111205,756
1,20111205,595
0,20111206,570
1,20111206,924
0,20111207,259
1,20111207,156
0,20111208,345
1,20111208,843
0,20111209,477
1,20111209,389
0,20111210,178
1,20111210,981
0,20111211,278
1,20111211,402
0,20111212,373
1,20111212,234
0,20111213,512
1,20111213,446
0,20111214,2
1,20111214,214
0,20111215,863
1,20111215,699
0,20111216,901
1,20111216,229
0,20111217,684
1,20111217,686
0,20111218,934
1,20111218,313
0,20111219,475
1,20111219,281
0,20111220,74
1,20111220,601
0,20111221,758
1,20111221,572
0,20111222,77
1,20111222,316
0,20111223,869
1,20111223,618
0,20111224,455
1,20111224,541
0,20111225,938
1,20111225,204
0,20111226,878
1,20111226,457
0,20111227,587
1,20111227,990
0,20111228,285
1,20111228,973
0,20111229,209
1,20111229,692
0,20111230,858
1,20111230,511
0,20111231,719
1,20111231,17
0,20100101,391
1,20100101,808
0,20100102,989
1,20100102,137
0,20100103,284
1,20100103,290
0,20100104,942
1,20100104,809
0,20100105,278
1,20100105,755
0,20100106,550
1,20100106,226
0,20100107,208
1,20100107,456
0,20100108,548
1,20100108,295
0,20100109,948
1,20100109,874
0,20100110,654
1,20100110,976
0,20100111,379
1,20100111,853
0,20100112,384
1,20100112,557
0,20100113,686
1,20100113,853
0,20100114,824
1,20100114,646
0,20100115,305
1,20100115,48
0,20100116,436
1,20100116,225
0,20100117,500
1,20100117,47
0,20100118,42
1,20100118,809
0,20100119,770
