Day - Draw, Date, Pick 3, Pick 4, Pick 5, Classic Lotto, Kicker, Rolling Cash 5, Mega Millions, Powerball, Lucky For Life
MON - MID, 1/1/2018, 164, 4096, 17591, , , , , ,
MON - EVE, 1/1/2018, 095, 7858, 96082, 13 16 22 28 39 45 $26.20 M/0, 118639, 4 20 26 31 37 $140000.00, , ,15 18 25 31 35 +20
TUE - MID, 1/2/2018, 685, 1625, 29108, , , , , ,
TUE - EVE, 1/2/2018, 292, 4373, 80813, , , 4 7 10 22 35 $150000.00, 1 42 47 64 70 +22 x4 $361.00 M/0, ,
WED - MID, 1/3/2018, 790, 5544, 46136, , , , , ,
WED - EVE, 1/3/2018, 587, 0674, 48538, 1 3 10 31 35 44 $26.30 M/0, 398757, 3 24 32 35 38 $172000.00, , 2 18 37 39 42 +12 x3 $460.00 M/0,
THU - MID, 1/4/2018, 016, 5423, 47620, , , , , ,
THU - EVE, 1/4/2018, 123, 5217, 64043, , , 10 11 16 22 25 $220000.00, , ,11 12 19 28 46 +40
FRI - MID, 1/5/2018, 655, 8339, 24673, , , , , ,
FRI - EVE, 1/5/2018, 999, 9838, 06043, , , 8 11 22 29 34 $100000.00, 28 30 39 59 70 +10 x3 $450.00 M/1, ,
SAT - MID, 1/6/2018, 396, 9074, 77648, , , , , ,
SAT - EVE, 1/6/2018, 952, 6486, 96211, 4 8 32 33 37 48 $26.50 M/0, 999577, 17 18 24 28 33 $100000.00, , 12 29 30 33 61 +26 x3 $570.00 M/1,
SUN - MID, 1/7/2018, 984, 3156, 23455, , , , , ,
SUN - EVE, 1/7/2018, 561, 1909, 06600, , , 12 15 20 21 26 $110000.00, , ,
MON - MID, 1/8/2018, 710, 0282, 72891, , , , , ,
MON - EVE, 1/8/2018, 773, 7120, 57685, 4 10 16 28 39 48 $26.70 M/0, 923453, 11 12 17 19 29 $120000.00, , ,1 3 15 22 28 +150
TUE - MID, 1/9/2018, 971, 2162, 84157, , , , , ,
TUE - EVE, 1/9/2018, 912, 8016, 63412, , , 2 9 19 30 36 $100000.00, 16 29 31 65 67 +23 x3 $40.00 M/0, ,
WED - MID, 1/10/2018, 406, 7682, 47658, , , , , ,
WED - EVE, 1/10/2018, 013, 2075, 92199, 1 8 12 31 36 40 $26.80 M/1, 541900, 8 15 26 32 38 $110000.00, , 7 24 33 49 50 +4 x5 $40.00 M/0,
THU - MID, 1/11/2018, 906, 6285, 42350, , , , , ,
THU - EVE, 1/11/2018, 985, 8424, 43439, , , 4 9 11 38 39 $120000.00, , ,8 12 15 16 41 +90
FRI - MID, 1/12/2018, 742, 1923, 00658, , , , , ,
FRI - EVE, 1/12/2018, 029, 0306, 30246, , , 4 6 12 30 31 $130000.00, 17 18 33 46 60 +24 x4 $45.00 M/0, ,
SAT - MID, 1/13/2018, 057, 0657, 67333, , , , , ,
SAT - EVE, 1/13/2018, 147, 5362, 28824, 5 12 18 24 31 48 $1.00 M/0, 554527, 4 9 12 35 39 $100000.00, , 14 25 35 58 69 +24 x2 $50.00 M/0,
SUN - MID, 1/14/2018, 677, 2272, 26875, , , , , ,
SUN - EVE, 1/14/2018, 479, 8004, 19541, , , 10 11 13 15 20 $110000.00, , ,
MON - MID, 1/15/2018, 372, 9043, 55297, , , , , ,
MON - EVE, 1/15/2018, 672, 5086, 87964, 19 35 36 40 43 48 $1.10 M/0, 837241, 10 23 33 35 38 $120000.00, , ,11 15 32 33 40 +180
TUE - MID, 1/16/2018, 385, 4875, 56801, , , , , ,
TUE - EVE, 1/16/2018, 514, 6967, 19365, , , 4 10 12 18 35 $100000.00, 3 11 23 29 59 +18 x3 $50.00 M/0, ,
WED - MID, 1/17/2018, 581, 8753, 12862, , , , , ,
WED - EVE, 1/17/2018, 975, 7841, 98179, 24 29 38 40 41 48 $1.20 M/0, 089484, 15 21 24 32 33 $110000.00, , 3 33 37 51 57 +21 x2 $62.00 M/0,
THU - MID, 1/18/2018, 799, 3497, 61203, , , , , ,
THU - EVE, 1/18/2018, 224, 7056, 34178, , , 15 16 24 28 37 $100000.00, , ,5 15 21 28 36 +140
FRI - MID, 1/19/2018, 512, 8128, 80602, , , , , ,
FRI - EVE, 1/19/2018, 156, 4481, 27376, , , 13 14 21 23 34 $110000.00, 3 17 23 49 66 +23 x3 $55.00 M/0, ,
SAT - MID, 1/20/2018, 009, 3435, 02096, , , , , ,
SAT - EVE, 1/20/2018, 595, 8029, 19470, 6 15 33 34 43 47 $1.30 M/0, 829955, 1 6 7 15 33 $120000.00, , 26 28 47 49 58 +3 x4 $78.00 M/0,
SUN - MID, 1/21/2018, 609, 3302, 12638, , , , , ,
SUN - EVE, 1/21/2018, 406, 5790, 92711, , , 3 4 15 26 33 $100000.00, , ,
MON - MID, 1/22/2018, 866, 3497, 23226, , , , , ,
MON - EVE, 1/22/2018, 447, 3901, 47841, 2 6 22 25 40 42 $1.40 M/0, 454493, 7 8 14 19 39 $110000.00, , ,5 13 26 30 35 +50
TUE - MID, 1/23/2018, 352, 7353, 43059, , , , , ,
TUE - EVE, 1/23/2018, 015, 9342, 29682, , , 5 16 18 20 21 $120000.00, 2 6 30 31 55 +7 x4 $63.00 M/0, ,
WED - MID, 1/24/2018, 908, 0973, 66497, , , , , ,
WED - EVE, 1/24/2018, 623, 7758, 16109, 2 3 6 13 33 38 $1.50 M/0, 523177, 2 16 26 29 32 $130000.00, , 5 9 11 33 64 +21 x3 $92.00 M/0,
THU - MID, 1/25/2018, 254, 6977, 50541, , , , , ,
THU - EVE, 1/25/2018, 767, 5563, 52665, , , 3 7 12 19 33 $140000.00, , ,8 9 31 43 45 +60
FRI - MID, 1/26/2018, 660, 5126, 54486, , , , , ,
FRI - EVE, 1/26/2018, 997, 0593, 96258, , , 4 21 28 31 36 $150000.00, 10 16 27 38 43 +1 x4 $76.00 M/0, ,
SAT - MID, 1/27/2018, 821, 3354, 46016, , , , , ,
SAT - EVE, 1/27/2018, 563, 7333, 31404, 1 8 14 15 19 34 $1.60 M/0, 953921, 3 4 5 21 31 $172000.00, , 17 21 26 47 54 +7 x2 $112.00 M/0,
SUN - MID, 1/28/2018, 249, 6000, 79043, , , , , ,
SUN - EVE, 1/28/2018, 719, 5940, 86089, , , 9 12 27 29 36 $204000.00, , ,
MON - MID, 1/29/2018, 349, 9606, 44584, , , , , ,
MON - EVE, 1/29/2018, 762, 3757, 33922, 2 7 21 30 35 39 $1.70 M/0, 851529, 3 6 31 34 37 $240000.00, , ,1 4 6 30 33 +20
TUE - MID, 1/30/2018, 035, 8089, 31457, , , , , ,
TUE - EVE, 1/30/2018, 206, 5396, 21239, , , 5 19 24 30 35 $297000.00, 29 41 42 49 57 +24 x3 $89.00 M/0, ,
WED - MID, 1/31/2018, 226, 0722, 97893, , , , , ,
WED - EVE, 1/31/2018, 875, 2412, 21069, 10 21 23 24 35 38 $1.80 M/0, 125310, 7 12 14 18 33 $100000.00, , 4 7 14 46 59 +22 x10 $127.00 M/0,
THU - MID, 2/1/2018, 219, 2894, 67719, , , , , ,
THU - EVE, 2/1/2018, 365, 2375, 47286, , , 10 15 20 23 32 $100000.00, , ,3 13 21 24 47 +100
FRI - MID, 2/2/2018, 746, 1598, 15107, , , , , ,
FRI - EVE, 2/2/2018, 581, 9001, 32095, , , 4 18 22 24 27 $110000.00, 1 4 14 17 40 +4 x3 $104.00 M/0, ,
SAT - MID, 2/3/2018, 947, 1138, 98205, , , , , ,
SAT - EVE, 2/3/2018, 441, 2383, 66294, 13 14 19 20 45 46 $1.90 M/0, 694162, 15 19 21 29 34 $120000.00, , 15 23 27 48 53 +6 x2 $145.00 M/0,
SUN - MID, 2/4/2018, 379, 3263, 46982, , , , , ,
SUN - EVE, 2/4/2018, 065, 5400, 02939, , , 2 19 24 25 37 $130000.00, , ,
MON - MID, 2/5/2018, 338, 1522, 22768, , , , , ,
MON - EVE, 2/5/2018, 970, 1794, 60656, 9 11 42 45 46 48 $2.00 M/0, 338056, 2 8 22 25 34 $140000.00, , ,1 2 5 32 48 +170
TUE - MID, 2/6/2018, 913, 3901, 09633, , , , , ,
TUE - EVE, 2/6/2018, 643, 6238, 23269, , , 21 28 29 34 39 $166000.00, 14 17 25 48 58 +25 x3 $120.00 M/0, ,
WED - MID, 2/7/2018, 633, 4363, 41140, , , , , ,
WED - EVE, 2/7/2018, 856, 1504, 13082, 1 10 24 33 38 49 $2.10 M/0, 975884, 3 14 15 17 32 $215000.00, , 23 34 35 40 47 +10 x2 $165.00 M/0,
THU - MID, 2/8/2018, 094, 9361, 96505, , , , , ,
THU - EVE, 2/8/2018, 074, 1278, 22459, , , 5 17 23 30 32 $256000.00, , ,4 10 13 32 40 +120
FRI - MID, 2/9/2018, 394, 7141, 86626, , , , , ,
FRI - EVE, 2/9/2018, 061, 3651, 60198, , , 10 17 20 32 37 $298000.00, 28 34 41 46 47 +14 x3 $136.00 M/0, ,
SAT - MID, 2/10/2018, 599, 1227, 53142, , , , , ,
SAT - EVE, 2/10/2018, 254, 9638, 18451, 4 23 31 37 38 49 $2.20 M/0, 987669, 1 5 16 25 27 $100000.00, , 1 13 27 41 59 +20 x5 $184.00 M/0,
SUN - MID, 2/11/2018, 930, 9910, 08400, , , , , ,
SUN - EVE, 2/11/2018, 341, 1162, 17172, , , 3 12 16 22 26 $110000.00, , ,
MON - MID, 2/12/2018, 466, 1151, 01812, , , , , ,
MON - EVE, 2/12/2018, 611, 3264, 74793, 12 15 19 20 27 48 $2.30 M/0, 092521, 9 16 19 31 34 $100000.00, , ,7 11 33 37 47 +100
TUE - MID, 2/13/2018, 891, 2109, 47538, , , , , ,
TUE - EVE, 2/13/2018, 834, 7467, 45973, , , 11 17 20 36 38 $110000.00, 5 12 15 46 49 +1 x4 $153.00 M/0, ,
WED - MID, 2/14/2018, 245, 0519, 65792, , , , , ,
WED - EVE, 2/14/2018, 871, 4141, 01466, 1 6 29 33 37 41 $2.40 M/0, 333414, 1 3 5 17 18 $120000.00, , 37 39 44 46 69 +26 x2 $203.00 M/0,
THU - MID, 2/15/2018, 651, 2593, 00116, , , , , ,
THU - EVE, 2/15/2018, 135, 5405, 43533, , , 1 4 6 36 38 $130000.00, , ,1 11 36 38 46 +100
FRI - MID, 2/16/2018, 939, 3375, 04372, , , , , ,
FRI - EVE, 2/16/2018, 274, 6414, 47811, , , 5 11 16 21 39 $100000.00, 14 38 48 53 58 +16 x3 $168.00 M/0, ,
SAT - MID, 2/17/2018, 711, 5698, 94971, , , , , ,
SAT - EVE, 2/17/2018, 328, 0884, 96769, 1 17 22 37 45 48 $2.50 M/0, 515854, 2 4 5 20 27 $110000.00, , 13 26 39 44 62 +2 x3 $223.00 M/0,
SUN - MID, 2/18/2018, 603, 7413, 30327, , , , , ,
SUN - EVE, 2/18/2018, 157, 9809, 72174, , , 3 5 7 12 16 $100000.00, , ,
MON - MID, 2/19/2018, 587, 9715, 80186, , , , , ,
MON - EVE, 2/19/2018, 294, 4326, 34009, 4 9 10 16 24 33 $2.60 M/0, 131525, 13 15 17 32 37 $100000.00, , ,2 14 41 44 47 +160
TUE - MID, 2/20/2018, 166, 1203, 20487, , , , , ,
TUE - EVE, 2/20/2018, 767, 9756, 85325, , , 9 11 19 26 27 $110000.00, 17 19 23 24 43 +14 x3 $185.00 M/0, ,
WED - MID, 2/21/2018, 529, 4044, 35168, , , , , ,
WED - EVE, 2/21/2018, 924, 5467, 62921, 14 18 20 27 31 39 $2.70 M/0, 151681, 16 22 23 28 36 $100000.00, , 7 15 31 34 36 +8 x3 $246.00 M/0,
THU - MID, 2/22/2018, 060, 7837, 12155, , , , , ,
THU - EVE, 2/22/2018, 098, 9393, 69941, , , 1 12 15 19 32 $100000.00, , ,6 23 32 35 42 +80
FRI - MID, 2/23/2018, 591, 2658, 48025, , , , , ,
FRI - EVE, 2/23/2018, 812, 7881, 99317, , , 7 9 13 28 29 $110000.00, 7 11 13 19 58 +9 x4 $204.00 M/0, ,
SAT - MID, 2/24/2018, 622, 5347, 80916, , , , , ,
SAT - EVE, 2/24/2018, 748, 9787, 82259, 8 16 17 19 22 31 $2.80 M/0, 106820, 12 17 20 35 39 $120000.00, , 24 25 38 62 63 +6 x2 $269.00 M/0,
SUN - MID, 2/25/2018, 999, 5970, 75420, , , , , ,
SUN - EVE, 2/25/2018, 239, 4222, 46991, , , 6 14 15 23 29 $130000.00, , ,
MON - MID, 2/26/2018, 584, 7709, 95982, , , , , ,
MON - EVE, 2/26/2018, 266, 0432, 58202, 6 17 25 32 33 37 $2.90 M/0, 693380, 8 10 15 31 36 $100000.00, , ,6 11 16 28 37 +110
TUE - MID, 2/27/2018, 958, 0517, 63264, , , , , ,
TUE - EVE, 2/27/2018, 937, 9060, 78780, , , 4 18 25 29 37 $110000.00, 10 17 21 38 43 +23 x3 $222.00 M/0, ,
WED - MID, 2/28/2018, 641, 4681, 00589, , , , , ,
WED - EVE, 2/28/2018, 005, 3167, 39985, 1 12 18 23 24 34 $3.00 M/0, 308040, 5 11 12 18 28 $120000.00, , 12 30 59 65 69 +16 x5 $293.00 M/0,
THU - MID, 3/1/2018, 812, 1081, 19799, , , , , ,
THU - EVE, 3/1/2018, 814, 0798, 07753, , , 5 12 16 17 34 $130000.00, , ,7 10 26 44 46 +140
FRI - MID, 3/2/2018, 272, 0759, 61123, , , , , ,
FRI - EVE, 3/2/2018, 008, 3271, 88483, , , 2 6 12 21 26 $140000.00, 24 28 42 60 64 +8 x4 $243.00 M/0, ,
SAT - MID, 3/3/2018, 562, 8200, 63457, , , , , ,
SAT - EVE, 3/3/2018, 289, 1147, 48280, 1 8 18 27 33 49 $3.10 M/0, 219374, 8 11 20 21 37 $150000.00, , 13 17 25 36 40 +5 x2 $321.00 M/0,
SUN - MID, 3/4/2018, 244, 9118, 30923, , , , , ,
SUN - EVE, 3/4/2018, 194, 0221, 10751, , , 2 6 15 29 39 $170000.00, , ,
MON - MID, 3/5/2018, 091, 6696, 68889, , , , , ,
MON - EVE, 3/5/2018, 007, 9727, 82623, 4 16 22 24 30 38 $3.20 M/0, 211705, 6 15 29 36 39 $209000.00, , ,5 17 23 35 42 +120
TUE - MID, 3/6/2018, 644, 4464, 52306, , , , , ,
TUE - EVE, 3/6/2018, 293, 6024, 24555, , , 11 12 18 25 28 $257000.00, 1 4 26 35 39 +22 x5 $265.00 M/0, ,
WED - MID, 3/7/2018, 804, 7381, 74973, , , , , ,
WED - EVE, 3/7/2018, 008, 6702, 21696, 22 25 29 35 36 46 $3.30 M/0, 878103, 14 16 17 25 28 $296000.00, , 6 13 19 36 51 +18 x2 $348.00 M/0,
THU - MID, 3/8/2018, 085, 7153, 08814, , , , , ,
THU - EVE, 3/8/2018, 470, 1669, 00676, , , 9 33 35 37 39 $354000.00, , ,20 24 26 34 39 +180
FRI - MID, 3/9/2018, 492, 8724, 68711, , , , , ,
FRI - EVE, 3/9/2018, 351, 7624, 65597, , , 4 5 12 15 19 $100000.00, 7 17 18 46 66 +22 x4 $290.00 M/0, ,
SAT - MID, 3/10/2018, 461, 2540, 78406, , , , , ,
SAT - EVE, 3/10/2018, 729, 8741, 81931, 4 5 8 9 16 39 $3.40 M/0, 971756, 6 12 21 31 32 $100000.00, , 43 44 54 61 69 +22 x3 $385.00 M/0,
SUN - MID, 3/11/2018, 749, 9540, 33161, , , , , ,
SUN - EVE, 3/11/2018, 490, 7457, 79223, , , 1 19 24 31 38 $100000.00, , ,
MON - MID, 3/12/2018, 202, 3265, 48710, , , , , ,
MON - EVE, 3/12/2018, 453, 0782, 79703, 10 21 24 36 38 43 $3.50 M/0, 360690, 3 4 14 24 28 $110000.00, , ,1 8 20 44 45 +150
TUE - MID, 3/13/2018, 713, 5830, 15984, , , , , ,
TUE - EVE, 3/13/2018, 362, 5835, 23902, , , 2 15 20 31 34 $100000.00, 6 30 58 60 61 +17 x5 $318.00 M/0, ,
WED - MID, 3/14/2018, 198, 4017, 78405, , , , , ,
WED - EVE, 3/14/2018, 281, 6424, 50175, 9 12 18 22 31 38 $3.60 M/0, 941914, 9 25 35 36 37 $100000.00, , 6 12 24 41 68 +9 x3 $420.00 M/0,
THU - MID, 3/15/2018, 479, 6113, 65503, , , , , ,
THU - EVE, 3/15/2018, 973, 3161, 97435, , , 5 6 25 34 39 $110000.00, , ,10 16 17 40 47 +50
FRI - MID, 3/16/2018, 013, 1693, 98066, , , , , ,
FRI - EVE, 3/16/2018, 222, 6644, 35400, , , 3 4 32 34 36 $120000.00, 1 13 26 33 52 +11 x3 $345.00 M/0, ,
SAT - MID, 3/17/2018, 728, 7499, 61369, , , , , ,
SAT - EVE, 3/17/2018, 629, 3368, 56692, 6 25 27 35 41 47 $3.70 M/0, 259205, 10 19 24 32 39 $130000.00, , 22 57 59 60 66 +7 x2 $455.00 M/1,
SUN - MID, 3/18/2018, 507, 0782, 99168, , , , , ,
SUN - EVE, 3/18/2018, 420, 2217, 31721, , , 2 3 5 35 39 $100000.00, , ,
MON - MID, 3/19/2018, 098, 6625, 95577, , , , , ,
MON - EVE, 3/19/2018, 996, 8087, 58004, 4 13 17 23 27 34 $3.80 M/0, 286466, 6 12 14 19 23 $110000.00, , ,17 26 31 32 45 +140
TUE - MID, 3/20/2018, 240, 4438, 68211, , , , , ,
TUE - EVE, 3/20/2018, 398, 9470, 80181, , , 1 7 9 26 38 $120000.00, 14 38 51 64 70 +9 x3 $377.00 M/0, ,
WED - MID, 3/21/2018, 979, 8323, 63703, , , , , ,
WED - EVE, 3/21/2018, 421, 3299, 44211, 6 16 18 37 40 45 $3.90 M/0, 812919, 9 16 21 26 36 $130000.00, , 3 4 18 29 61 +25 x2 $40.00 M/0,
THU - MID, 3/22/2018, 159, 1837, 46483, , , , , ,
THU - EVE, 3/22/2018, 759, 1607, 13462, , , 3 5 16 32 39 $100000.00, , ,9 17 27 29 31 +160
FRI - MID, 3/23/2018, 746, 7279, 16850, , , , , ,
FRI - EVE, 3/23/2018, 224, 5886, 91966, , , 10 14 20 22 37 $110000.00, 4 8 23 53 59 +17 x3 $421.00 M/0, ,
SAT - MID, 3/24/2018, 808, 8145, 07409, , , , , ,
SAT - EVE, 3/24/2018, 495, 6191, 52902, 11 12 23 33 40 49 $4.00 M/0, 206843, 13 21 27 29 37 $120000.00, , 10 33 45 53 56 +24 x3 $54.00 M/1,
SUN - MID, 3/25/2018, 333, 2337, 32836, , , , , ,
SUN - EVE, 3/25/2018, 655, 8145, 99878, , , 8 10 19 27 34 $130000.00, , ,
MON - MID, 3/26/2018, 604, 9323, 47730, , , , , ,
MON - EVE, 3/26/2018, 452, 2736, 10181, 7 13 14 24 29 31 $4.10 M/0, 951174, 1 3 26 34 39 $140000.00, , ,3 4 15 23 40 +60
TUE - MID, 3/27/2018, 258, 2407, 08388, , , , , ,
TUE - EVE, 3/27/2018, 477, 5528, 29850, , , 5 20 28 33 34 $174000.00, 7 25 43 56 59 +13 x3 $458.00 M/0, ,
WED - MID, 3/28/2018, 452, 6418, 36291, , , , , ,
WED - EVE, 3/28/2018, 932, 0366, 14617, 7 12 15 23 33 47 $4.20 M/0, 213151, 6 10 12 30 31 $219000.00, , 6 8 26 52 53 +21 x2 $40.00 M/0,
THU - MID, 3/29/2018, 250, 4004, 75618, , , , , ,
THU - EVE, 3/29/2018, 670, 0816, 72557, , , 7 19 23 27 39 $258000.00, , ,16 19 31 44 48 +70
FRI - MID, 3/30/2018, 646, 1983, 93935, , , , , ,
FRI - EVE, 3/30/2018, 184, 8102, 16191, , , 3 7 17 27 32 $306000.00, 11 28 31 46 59 +1 x3 $521.00 M/1, ,
SAT - MID, 3/31/2018, 305, 0305, 68009, , , , , ,
SAT - EVE, 3/31/2018, 457, 2632, 77070, 6 17 21 30 35 38 $4.30 M/0, 032409, 4 8 16 22 37 $100000.00, , 8 24 52 55 61 +21 x3 $50.00 M/0,
SUN - MID, 4/1/2018, 734, 4371, 35787, , , , , ,
SUN - EVE, 4/1/2018, 255, 4884, 33654, , , 1 4 17 28 36 $110000.00, , ,
MON - MID, 4/2/2018, 236, 8867, 86355, , , , , ,
MON - EVE, 4/2/2018, 218, 4641, 62198, 3 5 25 28 44 49 $4.40 M/0, 177063, 12 13 14 26 30 $120000.00, , ,2 6 11 32 33 +40
TUE - MID, 4/3/2018, 406, 8851, 34866, , , , , ,
TUE - EVE, 4/3/2018, 384, 9866, 54146, , , 24 25 30 31 37 $130000.00, 4 29 39 42 62 +14 x2 $40.00 M/0, ,
WED - MID, 4/4/2018, 030, 7593, 87726, , , , , ,
WED - EVE, 4/4/2018, 465, 5469, 69202, 3 17 20 30 32 46 $4.50 M/0, 021996, 2 17 25 35 36 $100000.00, , 8 24 42 54 64 +24 x4 $60.00 M/0,
THU - MID, 4/5/2018, 809, 7588, 23709, , , , , ,
THU - EVE, 4/5/2018, 186, 6688, 00275, , , 2 20 22 24 28 $110000.00, , ,2 10 12 46 48 +120
FRI - MID, 4/6/2018, 637, 1167, 50071, , , , , ,
FRI - EVE, 4/6/2018, 616, 4949, 06531, , , 15 20 30 33 39 $120000.00, 16 33 51 54 67 +20 x4 $45.00 M/0, ,
SAT - MID, 4/7/2018, 291, 7878, 27768, , , , , ,
SAT - EVE, 4/7/2018, 905, 5488, 73945, 9 10 15 34 45 49 $4.60 M/0, 012971, 4 8 12 21 37 $130000.00, , 2 17 20 38 39 +20 x2 $74.00 M/0,
SUN - MID, 4/8/2018, 658, 6462, 04084, , , , , ,
SUN - EVE, 4/8/2018, 179, 9478, 90932, , , 3 13 29 30 37 $140000.00, , ,
MON - MID, 4/9/2018, 850, 3636, 74620, , , , , ,
MON - EVE, 4/9/2018, 010, 5884, 10832, 11 19 24 29 34 48 $4.70 M/0, 032849, 5 9 12 15 28 $100000.00, , ,9 13 20 39 44 +180
TUE - MID, 4/10/2018, 748, 5593, 53426, , , , , ,
TUE - EVE, 4/10/2018, 206, 5135, 53361, , , 1 2 5 20 39 $110000.00, 5 13 31 43 53 +20 x2 $50.00 M/0, ,
WED - MID, 4/11/2018, 321, 3653, 49631, , , , , ,
WED - EVE, 4/11/2018, 630, 7692, 28020, 1 7 16 21 28 32 $4.80 M/0, 483450, 10 12 26 28 32 $120000.00, , 16 18 27 55 67 +18 x3 $89.00 M/0,
THU - MID, 4/12/2018, 563, 5943, 84617, , , , , ,
THU - EVE, 4/12/2018, 790, 8594, 55245, , , 4 23 28 33 36 $130000.00, , ,5 20 33 39 48 +180
FRI - MID, 4/13/2018, 553, 1065, 25434, , , , , ,
FRI - EVE, 4/13/2018, 158, 0703, 66245, , , 1 5 13 21 31 $140000.00, 8 9 32 42 59 +10 x4 $55.00 M/0, ,
SAT - MID, 4/14/2018, 478, 5241, 30829, , , , , ,
SAT - EVE, 4/14/2018, 012, 6124, 28896, 7 9 15 29 38 41 $4.90 M/0, 352656, 11 14 16 26 34 $150000.00, , 17 19 26 61 62 +15 x2 $106.00 M/0,
SUN - MID, 4/15/2018, 822, 4580, 33433, , , , , ,
SUN - EVE, 4/15/2018, 203, 1916, 00429, , , 1 17 27 38 39 $173000.00, , ,
MON - MID, 4/16/2018, 609, 1529, 48693, , , , , ,
MON - EVE, 4/16/2018, 537, 0328, 21242, 4 12 14 25 39 47 $5.00 M/0, 350750, 4 7 13 19 27 $215000.00, , ,9 11 26 33 38 +70
TUE - MID, 4/17/2018, 702, 5418, 34986, , , , , ,
TUE - EVE, 4/17/2018, 721, 7612, 63826, , , 14 26 36 37 39 $240000.00, 12 34 44 47 65 +22 x4 $67.00 M/0, ,
WED - MID, 4/18/2018, 070, 8008, 28222, , , , , ,
WED - EVE, 4/18/2018, 072, 1778, 29354, 7 14 17 26 42 47 $5.10 M/0, 338852, 5 15 24 30 33 $299000.00, , 9 10 12 17 23 +9 x2 $122.00 M/0,
THU - MID, 4/19/2018, 467, 6824, 34184, , , , , ,
THU - EVE, 4/19/2018, 211, 5873, 53601, , , 1 21 22 31 34 $100000.00, , ,16 19 35 43 48 +90
FRI - MID, 4/20/2018, 991, 9793, 22802, , , , , ,
FRI - EVE, 4/20/2018, 314, 2848, 34431, , , 6 7 10 15 35 $110000.00, 1 15 18 32 45 +4 x2 $80.00 M/0, ,
SAT - MID, 4/21/2018, 550, 0519, 80482, , , , , ,
SAT - EVE, 4/21/2018, 051, 1877, 11390, 24 32 35 44 45 48 $5.20 M/0, 673159, 15 25 27 35 37 $120000.00, , 40 50 54 62 69 +19 x2 $142.00 M/0,
SUN - MID, 4/22/2018, 255, 8616, 35199, , , , , ,
SUN - EVE, 4/22/2018, 497, 0768, 20672, , , 25 27 32 33 35 $130000.00, , ,
MON - MID, 4/23/2018, 314, 5155, 31302, , , , , ,
MON - EVE, 4/23/2018, 042, 9234, 34432, 1 16 17 30 35 41 $5.30 M/0, 536688, 6 19 21 28 36 $140000.00, , ,7 12 20 27 48 +130
TUE - MID, 4/24/2018, 420, 7715, 98399, , , , , ,
TUE - EVE, 4/24/2018, 161, 5705, 11286, , , 1 12 16 18 27 $164000.00, 3 19 31 32 48 +10 x3 $96.00 M/0, ,
WED - MID, 4/25/2018, 312, 6118, 42796, , , , , ,
WED - EVE, 4/25/2018, 307, 4140, 80678, 14 16 30 40 42 46 $5.40 M/0, 655128, 9 15 22 28 29 $194000.00, , 17 18 39 56 64 +12 x3 $158.00 M/0,
THU - MID, 4/26/2018, 559, 4202, 13151, , , , , ,
THU - EVE, 4/26/2018, 318, 9114, 29601, , , 9 10 15 16 39 $100000.00, , ,20 21 27 29 30 +170
FRI - MID, 4/27/2018, 788, 7703, 88631, , , , , ,
FRI - EVE, 4/27/2018, 994, 4485, 08422, , , 2 6 19 26 32 $110000.00, 2 29 38 63 66 +11 x2 $111.00 M/0, ,
SAT - MID, 4/28/2018, 230, 0809, 29482, , , , , ,
SAT - EVE, 4/28/2018, 239, 6242, 29015, 16 18 19 30 40 48 $5.50 M/0, 552756, 5 8 15 21 34 $120000.00, , 20 22 28 45 50 +8 x5 $177.00 M/0,
SUN - MID, 4/29/2018, 690, 5912, 66756, , , , , ,
SUN - EVE, 4/29/2018, 660, 0470, 14643, , , 3 11 16 26 35 $130000.00, , ,
MON - MID, 4/30/2018, 691, 2404, 92235, , , , , ,
MON - EVE, 4/30/2018, 456, 2243, 72756, 9 20 22 27 36 44 $5.60 M/0, 341155, 12 17 18 22 36 $140000.00, , ,1 10 13 16 21 +170
TUE - MID, 5/1/2018, 396, 0879, 31551, , , , , ,
TUE - EVE, 5/1/2018, 154, 9491, 16511, , , 5 13 14 26 32 $167000.00, 2 7 20 55 70 +1 x4 $126.00 M/0, ,
WED - MID, 5/2/2018, 011, 4627, 76650, , , , , ,
WED - EVE, 5/2/2018, 445, 4359, 89637, 5 7 9 34 47 48 $5.70 M/0, 519769, 4 25 28 32 39 $100000.00, , 5 14 31 40 50 +6 x2 $195.00 M/0,
THU - MID, 5/3/2018, 803, 3041, 27263, , , , , ,
THU - EVE, 5/3/2018, 182, 5212, 92091, , , 6 10 12 23 27 $100000.00, , ,5 22 26 29 47 +80
FRI - MID, 5/4/2018, 444, 8462, 32038, , , , , ,
FRI - EVE, 5/4/2018, 087, 6197, 39822, , , 4 8 12 16 28 $110000.00, 4 5 10 12 18 +21 x4 $143.00 M/1, ,
SAT - MID, 5/5/2018, 903, 1283, 96704, , , , , ,
SAT - EVE, 5/5/2018, 099, 0907, 42160, 8 9 12 28 32 48 $5.80 M/0, 831331, 1 19 27 29 36 $120000.00, , 14 29 36 57 61 +17 x4 $215.00 M/0,
SUN - MID, 5/6/2018, 306, 4114, 84274, , , , , ,
SUN - EVE, 5/6/2018, 847, 8739, 77268, , , 1 16 24 26 35 $130000.00, , ,
MON - MID, 5/7/2018, 985, 7620, 62898, , , , , ,
MON - EVE, 5/7/2018, 677, 3018, 48536, 19 23 42 44 48 49 $5.90 M/0, 481360, 8 18 20 31 37 $140000.00, , ,2 5 6 15 40 +160
TUE - MID, 5/8/2018, 005, 6803, 79838, , , , , ,
TUE - EVE, 5/8/2018, 920, 4380, 53484, , , 3 8 12 31 33 $150000.00, 8 15 39 64 67 +13 x2 $40.00 M/0, ,
WED - MID, 5/9/2018, 180, 8079, 49979, , , , , ,
WED - EVE, 5/9/2018, 643, 6281, 66338, 9 10 26 28 35 38 $6.00 M/0, 057770, 2 3 19 31 34 $163000.00, , 11 16 38 50 69 +19 x2 $233.00 M/0,
THU - MID, 5/10/2018, 239, 1035, 32388, , , , , ,
THU - EVE, 5/10/2018, 801, 9576, 05927, , , 1 4 13 22 31 $204000.00, , ,17 35 46 47 48 +110
FRI - MID, 5/11/2018, 293, 9169, 09488, , , , , ,
FRI - EVE, 5/11/2018, 554, 5749, 56959, , , 2 5 15 16 21 $240000.00, 14 38 40 53 70 +22 x3 $45.00 M/0, ,
SAT - MID, 5/12/2018, 323, 8381, 45742, , , , , ,
SAT - EVE, 5/12/2018, 815, 0278, 81241, 2 9 38 39 45 48 $6.10 M/0, 626163, 5 7 8 12 32 $278000.00, , 22 42 45 55 56 +14 x3 $257.00 M/0,
SUN - MID, 5/13/2018, 698, 5387, 21002, , , , , ,
SUN - EVE, 5/13/2018, 630, 1564, 98586, , , 6 15 18 28 37 $313000.00, , ,
MON - MID, 5/14/2018, 081, 2895, 96378, , , , , ,
MON - EVE, 5/14/2018, 751, 7652, 11859, 8 12 15 27 44 47 $6.20 M/0, 126443, 2 11 15 21 26 $364000.00, , ,11 26 33 36 42 +140
TUE - MID, 5/15/2018, 323, 1872, 96400, , , , , ,
TUE - EVE, 5/15/2018, 123, 3015, 01754, , , 22 25 28 29 35 $417000.00, 21 34 44 49 61 +21 x2 $50.00 M/0, ,
WED - MID, 5/16/2018, 592, 2008, 27263, , , , , ,
WED - EVE, 5/16/2018, 489, 4281, 15159, 9 12 17 27 30 33 $6.30 M/0, 878857, 1 4 22 28 36 $501000.00, , 17 19 21 22 51 +19 x2 $280.00 M/0,
THU - MID, 5/17/2018, 142, 2655, 57549, , , , , ,
THU - EVE, 5/17/2018, 913, 3210, 01888, , , 8 22 30 35 38 $100000.00, , ,6 7 14 21 46 +80
FRI - MID, 5/18/2018, 307, 6694, 02976, , , , , ,
FRI - EVE, 5/18/2018, 517, 4001, 13962, , , 10 19 21 22 35 $110000.00, 9 26 53 64 66 +11 x2 $55.00 M/0, ,
SAT - MID, 5/19/2018, 139, 8850, 44173, , , , , ,
SAT - EVE, 5/19/2018, 028, 6440, 53579, 7 8 22 30 41 49 $6.40 M/0, 496796, 3 20 21 22 35 $120000.00, , 3 6 9 17 56 +25 x3 $306.00 M/1,
SUN - MID, 5/20/2018, 373, 7038, 74233, , , , , ,
SUN - EVE, 5/20/2018, 632, 1192, 35791, , , 10 19 22 31 36 $130000.00, , ,
MON - MID, 5/21/2018, 781, 4823, 07999, , , , , ,
MON - EVE, 5/21/2018, 938, 5908, 41578, 8 25 29 30 33 43 $6.50 M/0, 891811, 2 10 22 34 35 $100000.00, , ,4 12 31 45 48 +70
TUE - MID, 5/22/2018, 582, 9949, 40416, , , , , ,
TUE - EVE, 5/22/2018, 917, 7250, 94689, , , 2 15 19 36 37 $100000.00, 16 17 21 36 48 +9 x3 $60.00 M/0, ,
WED - MID, 5/23/2018, 949, 1423, 79886, , , , , ,
WED - EVE, 5/23/2018, 118, 8027, 50235, 2 13 38 39 47 48 $6.60 M/0, 137583, 5 10 12 29 31 $110000.00, , 20 54 56 61 64 +7 x4 $40.00 M/0,
THU - MID, 5/24/2018, 791, 9053, 71709, , , , , ,
THU - EVE, 5/24/2018, 364, 3765, 94058, , , 3 17 18 31 33 $120000.00, , ,18 32 38 39 48 +120
FRI - MID, 5/25/2018, 987, 1841, 25311, , , , , ,
FRI - EVE, 5/25/2018, 766, 2587, 31650, , , 2 7 21 27 31 $130000.00, 11 14 51 64 68 +25 x4 $73.00 M/0, ,
SAT - MID, 5/26/2018, 488, 0316, 81706, , , , , ,
SAT - EVE, 5/26/2018, 805, 8253, 56128, 1 7 15 36 45 49 $6.70 M/0, 213461, 5 19 26 28 36 $140000.00, , 1 21 31 45 49 +21 x2 $50.00 M/0,
SUN - MID, 5/27/2018, 224, 7476, 99830, , , , , ,
SUN - EVE, 5/27/2018, 949, 9495, 93298, , , 4 13 16 20 31 $150000.00, , ,
MON - MID, 5/28/2018, 145, 1089, 36631, , , , , ,
MON - EVE, 5/28/2018, 619, 2200, 94488, 9 16 20 31 34 47 $6.80 M/0, 444807, 18 19 25 28 29 $100000.00, , ,4 6 13 16 32 +70
TUE - MID, 5/29/2018, 977, 8027, 90386, , , , , ,
TUE - EVE, 5/29/2018, 285, 7141, 21134, , , 7 8 9 22 36 $110000.00, 2 11 55 58 67 +2 x3 $84.00 M/0, ,
WED - MID, 5/30/2018, 217, 0112, 63826, , , , , ,
WED - EVE, 5/30/2018, 914, 7899, 58119, 1 8 18 22 24 33 $6.90 M/0, 237331, 5 9 17 31 37 $120000.00, , 17 23 26 46 68 +20 x2 $60.00 M/0,
THU - MID, 5/31/2018, 250, 5220, 46784, , , , , ,
THU - EVE, 5/31/2018, 164, 5303, 43209, , , 6 7 9 27 28 $100000.00, , ,16 34 41 42 48 +30
FRI - MID, 6/1/2018, 578, 0787, 60004, , , , , ,
FRI - EVE, 6/1/2018, 496, 4251, 64412, , , 6 12 14 23 30 $110000.00, 5 24 52 62 66 +17 x3 $97.00 M/0, ,
SAT - MID, 6/2/2018, 726, 6639, 02087, , , , , ,
SAT - EVE, 6/2/2018, 140, 0206, 60684, 10 16 22 32 36 40 $7.00 M/0, 330469, 6 11 16 28 38 $100000.00, , 23 25 37 44 64 +7 x4 $74.00 M/0,
SUN - MID, 6/3/2018, 041, 4985, 38073, , , , , ,
SUN - EVE, 6/3/2018, 183, 7706, 48359, , , 10 23 25 27 36 $110000.00, , ,
MON - MID, 6/4/2018, 547, 7022, 18250, , , , , ,
MON - EVE, 6/4/2018, 589, 4115, 88236, 1 13 20 25 43 47 $7.10 M/0, 923605, 2 30 32 35 38 $120000.00, , ,1 5 20 33 36 +50
TUE - MID, 6/5/2018, 873, 6960, 06155, , , , , ,
TUE - EVE, 6/5/2018, 693, 3396, 91559, , , 9 11 13 25 30 $130000.00, 22 33 41 48 52 +4 x2 $110.00 M/0, ,
WED - MID, 6/6/2018, 273, 1231, 80075, , , , , ,
WED - EVE, 6/6/2018, 024, 7892, 06930, 10 13 25 34 42 45 $7.20 M/0, 400505, 5 8 26 30 33 $140000.00, , 23 28 41 53 56 +14 x3 $87.00 M/0,
THU - MID, 6/7/2018, 731, 3090, 87805, , , , , ,
THU - EVE, 6/7/2018, 973, 4952, 99753, , , 2 16 27 29 38 $159000.00, , ,2 9 27 38 43 +130
FRI - MID, 6/8/2018, 663, 5987, 47747, , , , , ,
FRI - EVE, 6/8/2018, 447, 7964, 25612, , , 13 16 21 26 27 $199000.00, 14 30 33 44 56 +13 x2 $127.00 M/0, ,
SAT - MID, 6/9/2018, 188, 0307, 91999, , , , , ,
SAT - EVE, 6/9/2018, 328, 2922, 95460, 4 14 19 21 24 43 $7.30 M/0, 685206, 4 7 17 21 39 $245000.00, , 6 10 15 25 36 +14 x3 $105.00 M/0,
SUN - MID, 6/10/2018, 003, 5540, 58776, , , , , ,
SUN - EVE, 6/10/2018, 602, 7887, 90622, , , 6 9 14 20 24 $286000.00, , ,
MON - MID, 6/11/2018, 731, 6874, 47787, , , , , ,
MON - EVE, 6/11/2018, 702, 3241, 46385, 10 12 30 34 41 49 $7.40 M/0, 935472, 9 16 25 27 37 $100000.00, , ,4 5 25 36 46 +90
TUE - MID, 6/12/2018, 613, 8765, 95127, , , , , ,
TUE - EVE, 6/12/2018, 192, 3582, 84507, , , 4 20 21 23 25 $110000.00, 1 3 5 8 70 +3 x2 $144.00 M/0, ,
WED - MID, 6/13/2018, 233, 1291, 08552, , , , , ,
WED - EVE, 6/13/2018, 486, 6014, 61604, 19 22 29 33 45 46 $7.50 M/0, 400736, 7 12 17 31 33 $120000.00, , 13 20 38 45 55 +1 x2 $121.00 M/0,
THU - MID, 6/14/2018, 867, 0372, 13660, , , , , ,
THU - EVE, 6/14/2018, 874, 7988, 60792, , , 6 21 27 29 34 $130000.00, , ,7 13 33 37 41 +180
FRI - MID, 6/15/2018, 624, 3542, 40900, , , , , ,
FRI - EVE, 6/15/2018, 533, 3356, 10580, , , 1 12 14 15 19 $140000.00, 1 11 37 47 51 +6 x2 $161.00 M/0, ,
SAT - MID, 6/16/2018, 035, 8641, 01441, , , , , ,
SAT - EVE, 6/16/2018, 642, 3736, 74600, 1 3 9 12 24 39 $7.60 M/0, 442758, 10 11 22 30 31 $154000.00, , 9 45 57 58 65 +9 x2 $137.00 M/0,
SUN - MID, 6/17/2018, 782, 8274, 88368, , , , , ,
SUN - EVE, 6/17/2018, 498, 4924, 56224, , , 1 30 35 36 38 $189000.00, , ,
MON - MID, 6/18/2018, 371, 2552, 30299, , , , , ,
MON - EVE, 6/18/2018, 318, 5437, 27405, 2 10 27 30 32 40 $7.70 M/0, 092080, 2 9 27 32 37 $238000.00, , ,1 22 27 31 34 +60
TUE - MID, 6/19/2018, 830, 4435, 28415, , , , , ,
TUE - EVE, 6/19/2018, 118, 0956, 88340, , , 6 21 28 30 34 $100000.00, 11 13 28 65 70 +14 x3 $175.00 M/0, ,
WED - MID, 6/20/2018, 101, 9532, 37628, , , , , ,
WED - EVE, 6/20/2018, 705, 1972, 35542, 9 33 40 41 44 47 $7.80 M/0, 594553, 7 13 16 26 36 $110000.00, , 4 14 23 27 56 +13 x2 $151.00 M/1,
THU - MID, 6/21/2018, 456, 1651, 17568, , , , , ,
THU - EVE, 6/21/2018, 995, 9431, 66023, , , 6 7 23 25 38 $120000.00, , ,3 6 25 39 44 +10
FRI - MID, 6/22/2018, 933, 9280, 48018, , , , , ,
FRI - EVE, 6/22/2018, 901, 3363, 82535, , , 6 14 18 21 28 $130000.00, 2 6 11 27 44 +20 x2 $192.00 M/0, ,
SAT - MID, 6/23/2018, 781, 5436, 31938, , , , , ,
SAT - EVE, 6/23/2018, 605, 9128, 55389, 4 18 20 21 31 43 $7.90 M/0, 273516, 8 21 25 32 36 $100000.00, , 16 29 43 45 56 +25 x2 $40.00 M/0,
SUN - MID, 6/24/2018, 317, 6245, 37591, , , , , ,
SUN - EVE, 6/24/2018, 722, 0704, 29542, , , 2 11 16 31 38 $100000.00, , ,
MON - MID, 6/25/2018, 628, 9410, 01669, , , , , ,
MON - EVE, 6/25/2018, 910, 9198, 48495, 13 14 16 25 28 34 $8.00 M/0, 310649, 12 14 22 26 27 $110000.00, , ,3 31 42 45 48 +171
TUE - MID, 6/26/2018, 588, 7008, 90460, , , , , ,
TUE - EVE, 6/26/2018, 275, 2588, 97699, , , 3 23 26 31 38 $120000.00, 17 25 29 39 60 +19 x2 $212.00 M/0, ,
WED - MID, 6/27/2018, 050, 3437, 45426, , , , , ,
WED - EVE, 6/27/2018, 448, 4994, 82498, 8 12 17 24 37 38 $8.10 M/0, 581683, 1 6 14 32 39 $130000.00, , 7 28 37 62 63 +15 x2 $50.00 M/0,
THU - MID, 6/28/2018, 616, 2917, 81206, , , , , ,
THU - EVE, 6/28/2018, 132, 9262, 74247, , , 9 13 14 29 36 $140000.00, , ,3 23 27 47 48 +30
FRI - MID, 6/29/2018, 420, 4281, 38434, , , , , ,
FRI - EVE, 6/29/2018, 141, 2543, 82867, , , 9 19 21 34 37 $100000.00, 2 32 47 49 68 +23 x4 $232.00 M/0, ,
SAT - MID, 6/30/2018, 810, 9477, 38664, , , , , ,
SAT - EVE, 6/30/2018, 267, 6236, 38330, 1 10 11 25 36 43 $8.20 M/0, 842609, 9 14 15 24 27 $110000.00, , 3 9 20 42 61 +24 x2 $60.00 M/0,
SUN - MID, 7/1/2018, 361, 2410, 84718, , , , , ,
SUN - EVE, 7/1/2018, 273, 8281, 96351, , , 9 10 13 26 36 $120000.00, , ,
MON - MID, 7/2/2018, 020, 3729, 98392, , , , , ,
MON - EVE, 7/2/2018, 494, 8334, 56260, 6 13 17 19 22 34 $8.30 M/0, 237882, 6 13 18 32 34 $130000.00, , ,13 18 27 39 43 +80
TUE - MID, 7/3/2018, 669, 2203, 39155, , , , , ,
TUE - EVE, 7/3/2018, 119, 5445, 05720, , , 1 3 8 14 29 $140000.00, 13 35 45 49 68 +23 x2 $256.00 M/0, ,
WED - MID, 7/4/2018, 168, 6574, 12600, , , , , ,
WED - EVE, 7/4/2018, 694, 3844, 93867, 1 7 16 19 25 30 $8.40 M/0, 161159, 12 18 19 20 33 $100000.00, , 4 7 15 41 44 +10 x2 $70.00 M/0,
THU - MID, 7/5/2018, 383, 9319, 99712, , , , , ,
THU - EVE, 7/5/2018, 724, 1903, 98547, , , 6 7 10 12 21 $110000.00, , ,12 16 31 32 46 +170
FRI - MID, 7/6/2018, 212, 3374, 85782, , , , , ,
FRI - EVE, 7/6/2018, 007, 5374, 06566, , , 11 12 21 28 33 $120000.00, 2 10 46 50 56 +16 x3 $283.00 M/0, ,
SAT - MID, 7/7/2018, 410, 5802, 07955, , , , , ,
SAT - EVE, 7/7/2018, 955, 5339, 90568, 6 9 10 12 22 42 $8.50 M/1, 125543, 1 8 22 26 35 $100000.00, , 1 10 43 45 64 +22 x3 $80.00 M/0,
SUN - MID, 7/8/2018, 122, 6773, 35148, , , , , ,
SUN - EVE, 7/8/2018, 149, 9335, 66446, , , 8 9 10 34 36 $110000.00, , ,
MON - MID, 7/9/2018, 201, 7805, 37520, , , , , ,
MON - EVE, 7/9/2018, 507, 7863, 46238, 5 13 16 30 38 47 $1.00 M/0, 516407, 17 25 27 30 31 $100000.00, , ,18 24 43 46 48 +60
TUE - MID, 7/10/2018, 751, 9688, 68216, , , , , ,
TUE - EVE, 7/10/2018, 897, 1138, 46214, , , 11 17 21 23 38 $110000.00, 1 17 28 56 70 +14 x3 $306.00 M/0, ,
WED - MID, 7/11/2018, 189, 3837, 78151, , , , , ,
WED - EVE, 7/11/2018, 368, 1302, 50311, 5 14 21 23 34 47 $1.10 M/0, 194347, 23 25 26 33 38 $120000.00, , 19 21 27 46 47 +7 x4 $90.00 M/0,
THU - MID, 7/12/2018, 221, 4182, 88580, , , , , ,
THU - EVE, 7/12/2018, 778, 7785, 11574, , , 8 15 28 31 34 $100000.00, , ,4 8 14 20 26 +60
FRI - MID, 7/13/2018, 283, 1551, 21744, , , , , ,
FRI - EVE, 7/13/2018, 686, 0019, 41004, , , 7 11 15 21 22 $110000.00, 21 22 39 59 68 +2 x2 $340.00 M/0, ,
SAT - MID, 7/14/2018, 020, 8712, 08791, , , , , ,
SAT - EVE, 7/14/2018, 503, 5314, 73930, 6 13 16 20 34 41 $1.20 M/0, 548402, 3 4 9 29 36 $100000.00, , 22 41 42 49 67 +11 x3 $100.00 M/0,
SUN - MID, 7/15/2018, 485, 6456, 90772, , , , , ,
SUN - EVE, 7/15/2018, 731, 8417, 62203, , , 4 5 20 26 37 $110000.00, , ,
MON - MID, 7/16/2018, 806, 8558, 63386, , , , , ,
MON - EVE, 7/16/2018, 851, 1948, 59529, 3 5 14 27 40 49 $1.30 M/0, 640443, 2 8 24 37 38 $120000.00, , ,14 17 18 21 48 +120
TUE - MID, 7/17/2018, 848, 1562, 47652, , , , , ,
TUE - EVE, 7/17/2018, 740, 7565, 55436, , , 2 6 16 19 37 $130000.00, 40 41 61 66 67 +12 x5 $375.00 M/0, ,
WED - MID, 7/18/2018, 303, 8685, 63461, , , , , ,
WED - EVE, 7/18/2018, 728, 2100, 52576, 9 20 21 30 42 48 $1.40 M/0, 868788, 2 3 11 17 22 $100000.00, , 1 10 27 28 36 +12 x2 $110.00 M/0,
THU - MID, 7/19/2018, 275, 6835, 33518, , , , , ,
THU - EVE, 7/19/2018, 153, 0343, 78281, , , 11 16 19 24 26 $100000.00, , ,14 27 29 36 40 +40
FRI - MID, 7/20/2018, 940, 2460, 37369, , , , , ,
FRI - EVE, 7/20/2018, 044, 5835, 10204, , , 1 6 18 24 37 $110000.00, 1 14 30 44 62 +1 x2 $433.00 M/0, ,
SAT - MID, 7/21/2018, 715, 7422, 12049, , , , , ,
SAT - EVE, 7/21/2018, 236, 3381, 72035, 6 19 20 24 25 34 $1.50 M/0, 360920, 2 4 6 24 38 $120000.00, , 9 23 56 58 68 +1 x2 $130.00 M/0,
SUN - MID, 7/22/2018, 299, 0311, 39479, , , , , ,
SUN - EVE, 7/22/2018, 417, 7050, 54362, , , 2 3 13 23 32 $130000.00, , ,
MON - MID, 7/23/2018, 923, 1287, 46141, , , , , ,
MON - EVE, 7/23/2018, 376, 2222, 07805, 1 3 11 34 36 45 $1.60 M/0, 084852, 1 20 23 24 34 $140000.00, , ,1 5 11 28 48 +70
TUE - MID, 7/24/2018, 817, 2795, 61065, , , , , ,
TUE - EVE, 7/24/2018, 217, 4766, 43853, , , 8 15 25 28 29 $150000.00, 1 2 4 19 29 +20 x3 $522.00 M/1, ,
WED - MID, 7/25/2018, 355, 0218, 83888, , , , , ,
WED - EVE, 7/25/2018, 812, 6885, 97057, 4 19 20 30 45 49 $1.70 M/0, 625479, 6 16 19 25 35 $182000.00, , 2 18 41 44 64 +26 x2 $147.00 M/0,
THU - MID, 7/26/2018, 111, 6482, 04106, , , , , ,
THU - EVE, 7/26/2018, 516, 2813, 52062, , , 7 17 20 25 38 $219000.00, , ,9 10 14 20 44 +160
FRI - MID, 7/27/2018, 657, 0222, 89595, , , , , ,
FRI - EVE, 7/27/2018, 706, 6240, 38258, , , 4 11 13 15 27 $100000.00, 1 32 40 49 63 +20 x3 $40.00 M/0, ,
SAT - MID, 7/28/2018, 322, 8054, 50843, , , , , ,
SAT - EVE, 7/28/2018, 186, 9746, 71211, 3 11 16 24 30 36 $1.80 M/0, 155090, 8 10 12 23 32 $110000.00, , 22 27 46 56 65 +13 x2 $168.00 M/0,
SUN - MID, 7/29/2018, 014, 4047, 34277, , , , , ,
SUN - EVE, 7/29/2018, 431, 9280, 79888, , , 9 11 17 28 34 $120000.00, , ,
MON - MID, 7/30/2018, 939, 6537, 97651, , , , , ,
MON - EVE, 7/30/2018, 676, 9606, 67280, 9 11 12 14 15 45 $1.90 M/0, 162121, 11 13 24 33 38 $130000.00, , ,8 15 34 36 37 +20
TUE - MID, 7/31/2018, 809, 4574, 95522, , , , , ,
TUE - EVE, 7/31/2018, 223, 2216, 68989, , , 4 14 15 27 30 $100000.00, 12 15 35 64 69 +9 x2 $45.00 M/0, ,
WED - MID, 8/1/2018, 513, 1400, 11301, , , , , ,
WED - EVE, 8/1/2018, 508, 1782, 64374, 7 12 15 21 23 28 $2.00 M/0, 324318, 9 16 26 34 35 $100000.00, , 5 22 32 38 58 +26 x2 $187.00 M/0,
THU - MID, 8/2/2018, 061, 6782, 75235, , , , , ,
THU - EVE, 8/2/2018, 183, 2563, 02554, , , 11 15 23 25 28 $110000.00, , ,9 16 17 20 23 +30
FRI - MID, 8/3/2018, 962, 9492, 48805, , , , , ,
FRI - EVE, 8/3/2018, 769, 2787, 10941, , , 4 12 15 17 29 $120000.00, 9 28 30 54 60 +2 x2 $50.00 M/0, ,
SAT - MID, 8/4/2018, 800, 1121, 24285, , , , , ,
SAT - EVE, 8/4/2018, 131, 4669, 50912, 9 12 32 34 42 48 $2.10 M/0, 911199, 6 30 32 33 36 $130000.00, , 3 11 38 44 58 +2 x4 $203.00 M/0,
SUN - MID, 8/5/2018, 518, 0774, 42916, , , , , ,
SUN - EVE, 8/5/2018, 991, 9013, 56341, , , 2 14 33 34 35 $140000.00, , ,
MON - MID, 8/6/2018, 593, 5272, 90485, , , , , ,
MON - EVE, 8/6/2018, 915, 6017, 69983, 7 8 16 30 39 48 $2.20 M/0, 575220, 6 12 24 28 34 $163000.00, , ,5 7 13 15 29 +50
TUE - MID, 8/7/2018, 246, 7246, 07127, , , , , ,
TUE - EVE, 8/7/2018, 917, 8348, 25075, , , 7 12 17 26 36 $100000.00, 2 13 15 21 62 +2 x5 $55.00 M/0, ,
WED - MID, 8/8/2018, 263, 3793, 65265, , , , , ,
WED - EVE, 8/8/2018, 738, 5946, 74601, 6 15 30 35 45 48 $2.30 M/0, 129443, 4 6 9 17 33 $110000.00, , 10 21 30 43 63 +17 x2 $223.00 M/0,
THU - MID, 8/9/2018, 676, 0652, 45723, , , , , ,
THU - EVE, 8/9/2018, 824, 2561, 88992, , , 13 14 18 21 22 $120000.00, , ,13 25 30 33 37 +50
FRI - MID, 8/10/2018, 416, 3961, 55568, , , , , ,
FRI - EVE, 8/10/2018, 016, 5777, 31434, , , 10 13 20 30 35 $130000.00, 1 3 12 22 42 +6 x5 $63.00 M/0, ,
SAT - MID, 8/11/2018, 447, 2843, 51291, , , , , ,
SAT - EVE, 8/11/2018, 763, 6829, 66702, 14 16 24 26 27 46 $2.40 M/0, 986591, 3 6 17 24 31 $140000.00, , 5 43 56 62 68 +24 x2 $247.00 M/1,
SUN - MID, 8/12/2018, 254, 7078, 79711, , , , , ,
SUN - EVE, 8/12/2018, 239, 8879, 15277, , , 5 9 10 17 23 $100000.00, , ,
MON - MID, 8/13/2018, 791, 3264, 43234, , , , , ,
MON - EVE, 8/13/2018, 764, 0272, 80780, 2 3 8 16 20 42 $2.50 M/0, 087063, 2 17 28 35 37 $110000.00, , ,1 15 22 27 41 +70
TUE - MID, 8/14/2018, 476, 1281, 38065, , , , , ,
TUE - EVE, 8/14/2018, 996, 6331, 07637, , , 14 15 17 26 30 $120000.00, 11 26 44 45 46 +11 x2 $75.00 M/0, ,
WED - MID, 8/15/2018, 454, 2375, 17333, , , , , ,
WED - EVE, 8/15/2018, 045, 5727, 76011, 17 25 32 33 39 43 $2.60 M/0, 099070, 2 22 24 36 39 $130000.00, , 12 15 28 47 48 +16 x2 $40.00 M/0,
THU - MID, 8/16/2018, 658, 4942, 84634, , , , , ,
THU - EVE, 8/16/2018, 412, 8596, 01529, , , 4 17 19 23 32 $140000.00, , ,8 39 42 43 48 +110
FRI - MID, 8/17/2018, 786, 2740, 20407, , , , , ,
FRI - EVE, 8/17/2018, 359, 5238, 46341, , , 8 16 19 21 36 $150000.00, 1 31 32 47 56 +3 x2 $88.00 M/0, ,
SAT - MID, 8/18/2018, 853, 4904, 30231, , , , , ,
SAT - EVE, 8/18/2018, 251, 5301, 50253, 10 23 30 33 38 49 $2.70 M/0, 674694, 4 15 19 26 39 $182000.00, , 24 34 52 61 67 +16 x3 $50.00 M/0,
SUN - MID, 8/19/2018, 877, 5797, 63953, , , , , ,
SUN - EVE, 8/19/2018, 304, 6666, 63361, , , 5 21 22 23 26 $224000.00, , ,
MON - MID, 8/20/2018, 179, 6722, 43704, , , , , ,
MON - EVE, 8/20/2018, 208, 6151, 42089, 12 15 16 23 27 41 $2.80 M/0, 033146, 4 7 13 18 33 $268000.00, , ,4 16 36 44 48 +110
TUE - MID, 8/21/2018, 032, 4644, 37040, , , , , ,
TUE - EVE, 8/21/2018, 599, 9909, 99532, , , 21 22 30 34 39 $312000.00, 14 16 19 38 57 +11 x3 $102.00 M/0, ,
WED - MID, 8/22/2018, 207, 1627, 86642, , , , , ,
WED - EVE, 8/22/2018, 930, 6295, 36042, 3 16 25 28 34 38 $2.90 M/0, 929219, 4 7 14 16 29 $100000.00, , 1 7 45 47 69 +13 x2 $60.00 M/0,
THU - MID, 8/23/2018, 506, 3070, 10998, , , , , ,
THU - EVE, 8/23/2018, 460, 6273, 14569, , , 3 15 21 31 36 $100000.00, , ,6 10 28 34 45 +70
FRI - MID, 8/24/2018, 563, 8299, 06830, , , , , ,
FRI - EVE, 8/24/2018, 528, 4053, 81291, , , 4 14 17 26 38 $110000.00, 1 6 13 18 49 +8 x2 $118.00 M/0, ,
SAT - MID, 8/25/2018, 347, 8734, 66674, , , , , ,
SAT - EVE, 8/25/2018, 609, 1711, 01727, 5 10 16 24 28 41 $3.00 M/0, 912674, 2 10 18 27 33 $120000.00, , 20 25 54 57 63 +8 x2 $70.00 M/0,
SUN - MID, 8/26/2018, 950, 7405, 98110, , , , , ,
SUN - EVE, 8/26/2018, 509, 9950, 94773, , , 2 8 15 19 38 $100000.00, , ,
MON - MID, 8/27/2018, 443, 1066, 42250, , , , , ,
MON - EVE, 8/27/2018, 257, 7113, 45872, 2 10 19 21 25 37 $3.10 M/0, 049404, 11 12 16 25 28 $110000.00, , ,6 8 12 19 32 +170
TUE - MID, 8/28/2018, 026, 6764, 40025, , , , , ,
TUE - EVE, 8/28/2018, 746, 8035, 78242, , , 7 13 20 24 37 $100000.00, 3 20 33 34 41 +20 x3 $134.00 M/0, ,
WED - MID, 8/29/2018, 172, 1374, 39908, , , , , ,
WED - EVE, 8/29/2018, 953, 8656, 32244, 6 14 15 18 26 45 $3.20 M/0, 244208, 6 21 24 33 38 $110000.00, , 25 41 53 57 67 +12 x2 $80.00 M/0,
THU - MID, 8/30/2018, 051, 9928, 52936, , , , , ,
THU - EVE, 8/30/2018, 470, 6208, 18693, , , 6 8 19 30 38 $120000.00, , ,16 20 32 40 46 +100
FRI - MID, 8/31/2018, 442, 1591, 31580, , , , , ,
FRI - EVE, 8/31/2018, 899, 8001, 50279, , , 5 14 19 20 34 $100000.00, 7 18 29 32 45 +17 x3 $152.00 M/0, ,
SAT - MID, 9/1/2018, 344, 4238, 40349, , , , , ,
SAT - EVE, 9/1/2018, 881, 6546, 79004, 19 23 34 39 43 46 $3.30 M/0, 862851, 10 11 13 29 34 $110000.00, , 11 54 55 61 66 +9 x3 $90.00 M/0,
SUN - MID, 9/2/2018, 721, 8922, 02626, , , , , ,
SUN - EVE, 9/2/2018, 370, 7038, 14119, , , 5 6 13 33 36 $120000.00, , ,
MON - MID, 9/3/2018, 576, 8494, 30957, , , , , ,
MON - EVE, 9/3/2018, 203, 8163, 34965, 15 29 33 36 37 48 $3.40 M/0, 184903, 6 12 17 25 32 $130000.00, , ,27 40 43 44 47 +30
TUE - MID, 9/4/2018, 250, 8745, 18450, , , , , ,
TUE - EVE, 9/4/2018, 729, 0985, 35708, , , 15 20 22 23 24 $140000.00, 2 7 25 35 44 +3 x3 $167.00 M/0, ,
WED - MID, 9/5/2018, 145, 4842, 43535, , , , , ,
WED - EVE, 9/5/2018, 394, 2995, 50370, 7 14 17 20 28 44 $3.50 M/0, 633760, 12 28 33 34 37 $160000.00, , 6 15 50 59 60 +13 x2 $100.00 M/0,
THU - MID, 9/6/2018, 209, 0482, 44798, , , , , ,
THU - EVE, 9/6/2018, 270, 6282, 95900, , , 10 14 18 29 33 $205000.00, , ,14 27 29 36 39 +60
FRI - MID, 9/7/2018, 064, 4724, 44771, , , , , ,
FRI - EVE, 9/7/2018, 769, 5532, 69705, , , 12 13 27 32 39 $251000.00, 8 10 41 54 68 +10 x2 $187.00 M/0, ,
SAT - MID, 9/8/2018, 444, 7069, 86357, , , , , ,
SAT - EVE, 9/8/2018, 992, 0036, 43664, 3 16 19 30 34 35 $3.60 M/0, 261754, 8 11 31 32 38 $309000.00, , 3 13 20 32 33 +21 x3 $114.00 M/0,
SUN - MID, 9/9/2018, 025, 0119, 72910, , , , , ,
SUN - EVE, 9/9/2018, 336, 5941, 85800, , , 10 13 17 25 28 $100000.00, , ,
MON - MID, 9/10/2018, 986, 4509, 84701, , , , , ,
MON - EVE, 9/10/2018, 576, 1402, 56014, 17 26 29 34 35 37 $3.70 M/0, 998017, 8 10 20 21 29 $110000.00, , ,1 11 13 23 42 +30
TUE - MID, 9/11/2018, 457, 7459, 29921, , , , , ,
TUE - EVE, 9/11/2018, 272, 1833, 72653, , , 6 20 23 29 36 $120000.00, 15 30 51 62 67 +19 x2 $207.00 M/0, ,
WED - MID, 9/12/2018, 930, 2475, 11757, , , , , ,
WED - EVE, 9/12/2018, 804, 8835, 76196, 3 5 17 19 22 46 $3.80 M/0, 997312, 1 12 13 16 20 $130000.00, , 6 28 48 63 64 +24 x2 $132.00 M/0,
THU - MID, 9/13/2018, 164, 3193, 95189, , , , , ,
THU - EVE, 9/13/2018, 066, 5415, 43823, , , 1 3 7 23 24 $140000.00, , ,6 12 23 29 43 +40
FRI - MID, 9/14/2018, 586, 6020, 97831, , , , , ,
FRI - EVE, 9/14/2018, 060, 8916, 83213, , , 2 15 19 35 39 $100000.00, 23 30 40 43 66 +13 x4 $227.00 M/0, ,
SAT - MID, 9/15/2018, 377, 9628, 38918, , , , , ,
SAT - EVE, 9/15/2018, 738, 5884, 28024, 11 17 18 38 48 49 $3.90 M/0, 521008, 1 22 26 32 39 $110000.00, , 2 18 19 24 34 +3 x3 $147.00 M/0,
SUN - MID, 9/16/2018, 255, 8050, 30436, , , , , ,
SUN - EVE, 9/16/2018, 713, 0714, 55722, , , 9 25 30 33 39 $120000.00, , ,
MON - MID, 9/17/2018, 262, 7205, 70005, , , , , ,
MON - EVE, 9/17/2018, 733, 0844, 06394, 3 27 32 45 48 49 $4.00 M/0, 555449, 7 14 23 25 29 $130000.00, , ,3 5 6 19 47 +150
TUE - MID, 9/18/2018, 687, 5225, 72376, , , , , ,
TUE - EVE, 9/18/2018, 939, 4561, 27139, , , 4 7 13 26 35 $100000.00, 31 32 43 63 68 +17 x2 $252.00 M/0, ,
WED - MID, 9/19/2018, 830, 7291, 45241, , , , , ,
WED - EVE, 9/19/2018, 287, 2354, 71587, 4 12 25 27 29 38 $4.10 M/0, 104540, 11 18 26 30 38 $110000.00, , 4 39 48 50 51 +11 x3 $163.00 M/0,
THU - MID, 9/20/2018, 658, 7006, 42130, , , , , ,
THU - EVE, 9/20/2018, 763, 6838, 44491, , , 11 22 30 31 35 $120000.00, , ,8 10 17 36 40 +160
FRI - MID, 9/21/2018, 433, 9380, 18159, , , , , ,
FRI - EVE, 9/21/2018, 786, 0875, 23404, , , 1 22 33 35 38 $130000.00, 1 2 11 52 64 +9 x4 $275.00 M/0, ,
SAT - MID, 9/22/2018, 066, 7795, 76974, , , , , ,
SAT - EVE, 9/22/2018, 420, 0386, 60103, 1 2 14 21 35 41 $4.20 M/0, 820219, 1 2 18 29 34 $140000.00, , 24 61 63 64 69 +18 x5 $178.00 M/0,
SUN - MID, 9/23/2018, 889, 7408, 78978, , , , , ,
SUN - EVE, 9/23/2018, 621, 5811, 80235, , , 3 5 11 14 37 $179000.00, , ,
MON - MID, 9/24/2018, 049, 9043, 76028, , , , , ,
MON - EVE, 9/24/2018, 827, 7926, 67915, 11 21 22 32 34 45 $4.30 M/0, 140360, 9 15 22 31 34 $207000.00, , ,9 16 21 27 45 +170
TUE - MID, 9/25/2018, 835, 2968, 36912, , , , , ,
TUE - EVE, 9/25/2018, 184, 8403, 26120, , , 8 15 22 30 34 $252000.00, 8 16 32 48 61 +12 x2 $303.00 M/0, ,
WED - MID, 9/26/2018, 724, 8010, 21782, , , , , ,
WED - EVE, 9/26/2018, 142, 9707, 15939, 3 13 15 37 38 41 $4.40 M/0, 442061, 7 9 14 17 32 $100000.00, , 1 2 7 30 50 +8 x5 $193.00 M/0,
THU - MID, 9/27/2018, 036, 0563, 58908, , , , , ,
THU - EVE, 9/27/2018, 652, 4954, 35301, , , 1 2 9 16 20 $110000.00, , ,5 9 29 30 34 +140
FRI - MID, 9/28/2018, 633, 4973, 00137, , , , , ,
FRI - EVE, 9/28/2018, 219, 5493, 40274, , , 8 9 12 15 16 $120000.00, 39 45 52 56 59 +15 x3 $336.00 M/0, ,
SAT - MID, 9/29/2018, 927, 3408, 71721, , , , , ,
SAT - EVE, 9/29/2018, 238, 5405, 46059, 2 9 16 22 24 40 $4.50 M/0, 591725, 6 8 17 18 27 $130000.00, , 9 17 34 59 64 +22 x2 $213.00 M/0,
SUN - MID, 9/30/2018, 712, 8822, 16110, , , , , ,
SUN - EVE, 9/30/2018, 772, 3102, 54020, , , 8 11 19 23 36 $140000.00, , ,
MON - MID, 10/1/2018, 748, 8869, 01612, , , , , ,
MON - EVE, 10/1/2018, 407, 4132, 05893, 9 24 25 26 39 48 $4.60 M/0, 605419, 16 20 29 32 37 $150000.00, , ,8 10 13 16 40 +10
TUE - MID, 10/2/2018, 440, 6384, 41912, , , , , ,
TUE - EVE, 10/2/2018, 329, 1555, 53388, , , 3 9 11 18 37 $163000.00, 2 22 29 31 34 +1 x3 $367.00 M/0, ,
WED - MID, 10/3/2018, 435, 1916, 78093, , , , , ,
WED - EVE, 10/3/2018, 384, 2158, 72687, 3 5 11 30 31 46 $4.70 M/0, 881192, 20 23 25 29 30 $100000.00, , 41 53 59 63 66 +3 x3 $229.00 M/0,
THU - MID, 10/4/2018, 302, 4959, 67156, , , , , ,
THU - EVE, 10/4/2018, 210, 3277, 67871, , , 2 15 20 22 37 $110000.00, , ,1 10 15 28 34 +110
FRI - MID, 10/5/2018, 251, 5650, 37422, , , , , ,
FRI - EVE, 10/5/2018, 905, 8600, 75386, , , 3 4 7 11 14 $120000.00, 27 28 32 41 69 +12 x2 $420.00 M/0, ,
SAT - MID, 10/6/2018, 651, 6812, 37209, , , , , ,
SAT - EVE, 10/6/2018, 451, 2921, 65511, 6 12 15 31 42 46 $4.80 M/0, 967275, 6 9 24 34 38 $100000.00, , 1 22 27 53 67 +15 x3 $253.00 M/0,
SUN - MID, 10/7/2018, 575, 8455, 04630, , , , , ,
SUN - EVE, 10/7/2018, 128, 1402, 58480, , , 4 5 14 19 23 $110000.00, , ,
MON - MID, 10/8/2018, 965, 9288, 97777, , , , , ,
MON - EVE, 10/8/2018, 095, 0084, 44152, 6 8 18 19 44 45 $4.90 M/0, 848314, 3 7 8 24 36 $120000.00, , ,5 34 35 36 48 +150
TUE - MID, 10/9/2018, 115, 4622, 79969, , , , , ,
TUE - EVE, 10/9/2018, 338, 5702, 01447, , , 4 13 23 24 30 $130000.00, 20 22 39 54 60 +18 x3 $470.00 M/0, ,
WED - MID, 10/10/2018, 414, 3894, 92838, , , , , ,
WED - EVE, 10/10/2018, 476, 3129, 00309, 8 9 18 26 43 49 $5.00 M/0, 177302, 11 18 28 31 39 $100000.00, , 8 23 27 42 60 +7 x3 $282.00 M/0,
THU - MID, 10/11/2018, 473, 9532, 19617, , , , , ,
THU - EVE, 10/11/2018, 471, 5619, 25102, , , 1 13 16 27 29 $110000.00, , ,10 18 33 38 42 +70
FRI - MID, 10/12/2018, 881, 7234, 01798, , , , , ,
FRI - EVE, 10/12/2018, 377, 0727, 29480, , , 4 6 10 13 16 $120000.00, 4 24 46 61 70 +7 x3 $548.00 M/0, ,
SAT - MID, 10/13/2018, 442, 6155, 56707, , , , , ,
SAT - EVE, 10/13/2018, 327, 8582, 89749, 2 6 7 30 31 41 $5.10 M/0, 137001, 3 10 13 37 39 $130000.00, , 11 14 32 43 65 +15 x3 $314.00 M/0,
SUN - MID, 10/14/2018, 682, 6782, 77079, , , , , ,
SUN - EVE, 10/14/2018, 994, 2289, 72127, , , 2 4 10 19 21 $140000.00, , ,
MON - MID, 10/15/2018, 336, 1524, 11319, , , , , ,
MON - EVE, 10/15/2018, 001, 0574, 20054, 1 14 20 21 43 44 $5.20 M/0, 949516, 1 2 7 17 26 $150000.00, , ,1 30 39 41 42 +120
TUE - MID, 10/16/2018, 329, 1900, 83725, , , , , ,
TUE - EVE, 10/16/2018, 718, 3448, 88387, , , 13 17 20 29 36 $160000.00, 3 45 49 61 69 +9 x5 $667.00 M/0, ,
WED - MID, 10/17/2018, 479, 4240, 98222, , , , , ,
WED - EVE, 10/17/2018, 296, 2518, 77594, 13 17 20 24 25 34 $5.30 M/0, 189753, 14 20 24 25 35 $190000.00, , 3 57 64 68 69 +15 x3 $345.00 M/0,
THU - MID, 10/18/2018, 720, 1009, 82537, , , , , ,
THU - EVE, 10/18/2018, 648, 8749, 19870, , , 4 6 9 20 37 $238000.00, , ,4 21 24 30 31 +160
FRI - MID, 10/19/2018, 612, 1369, 77980, , , , , ,
FRI - EVE, 10/19/2018, 200, 3536, 00587, , , 9 10 21 26 36 $281000.00, 15 23 53 65 70 +7 x2 $1000.00 M/0, ,
SAT - MID, 10/20/2018, 536, 9149, 68103, , , , , ,
SAT - EVE, 10/20/2018, 481, 1212, 70234, 10 15 16 29 36 49 $5.40 M/0, 688994, 23 32 35 37 38 $332000.00, , 16 54 57 62 69 +23 x2 $470.00 M/0,
SUN - MID, 10/21/2018, 942, 2637, 42969, , , , , ,
SUN - EVE, 10/21/2018, 266, 5192, 16014, , , 3 4 22 24 29 $400000.00, , ,
MON - MID, 10/22/2018, 068, 6648, 07200, , , , , ,
MON - EVE, 10/22/2018, 090, 7993, 43550, 12 14 19 33 35 41 $5.50 M/0, 592908, 12 16 17 24 37 $100000.00, , ,7 36 37 41 46 +160
TUE - MID, 10/23/2018, 633, 8437, 71868, , , , , ,
TUE - EVE, 10/23/2018, 167, 4617, 03280, , , 12 20 23 35 39 $110000.00, 5 28 62 65 70 +5 x3 $1600.00 M/1, ,
WED - MID, 10/24/2018, 115, 3759, 08806, , , , , ,
WED - EVE, 10/24/2018, 705, 2522, 93447, 11 15 17 23 36 38 $5.60 M/0, 539349, 2 11 17 22 39 $120000.00, , 3 21 45 53 56 +22 x2 $620.00 M/0,
THU - MID, 10/25/2018, 893, 5292, 58871, , , , , ,
THU - EVE, 10/25/2018, 690, 8058, 09799, , , 2 17 18 19 27 $100000.00, , ,12 20 22 27 30 +160
FRI - MID, 10/26/2018, 773, 3393, 38835, , , , , ,
FRI - EVE, 10/26/2018, 002, 3733, 68745, , , 13 15 18 30 37 $110000.00, 1 28 61 62 63 +5 x4 $40.00 M/0, ,
SAT - MID, 10/27/2018, 454, 3765, 66271, , , , , ,
SAT - EVE, 10/27/2018, 370, 7407, 28611, 2 18 22 30 38 41 $5.70 M/0, 871226, 7 16 19 38 39 $120000.00, , 8 12 13 19 27 +4 x3 $750.00 M/2,
SUN - MID, 10/28/2018, 216, 7090, 54710, , , , , ,
SUN - EVE, 10/28/2018, 943, 0031, 51829, , , 19 21 26 28 36 $130000.00, , ,
MON - MID, 10/29/2018, 778, 7150, 68914, , , , , ,
MON - EVE, 10/29/2018, 590, 0559, 69064, 1 25 33 40 43 46 $5.80 M/0, 769899, 6 7 13 32 35 $140000.00, , ,14 16 26 29 43 +130
TUE - MID, 10/30/2018, 943, 8387, 11898, , , , , ,
TUE - EVE, 10/30/2018, 651, 0413, 05151, , , 6 9 13 28 37 $100000.00, 20 31 39 46 49 +23 x2 $45.00 M/0, ,
WED - MID, 10/31/2018, 594, 0901, 63651, , , , , ,
WED - EVE, 10/31/2018, 929, 2314, 65490, 10 29 42 44 48 49 $5.90 M/0, 887290, 8 15 20 34 39 $110000.00, , 7 25 39 40 47 +20 x3 $40.00 M/0,
THU - MID, 11/1/2018, 713, 7577, 56174, , , , , ,
THU - EVE, 11/1/2018, 342, 3169, 14210, , , 8 9 16 25 35 $120000.00, , ,4 13 31 37 47 +50
FRI - MID, 11/2/2018, 182, 5961, 09115, , , , , ,
FRI - EVE, 11/2/2018, 018, 2248, 07249, , , 8 22 27 28 31 $130000.00, 3 23 28 46 62 +16 x2 $52.00 M/0, ,
SAT - MID, 11/3/2018, 302, 8006, 48289, , , , , ,
SAT - EVE, 11/3/2018, 836, 3568, 09552, 18 24 26 27 35 49 $6.00 M/0, 392329, 12 21 23 31 34 $100000.00, , 15 21 24 32 65 +11 x3 $53.00 M/0,
SUN - MID, 11/4/2018, 294, 9105, 93990, , , , , ,
SUN - EVE, 11/4/2018, 559, 3436, 22792, , , 3 7 13 21 32 $110000.00, , ,
MON - MID, 11/5/2018, 314, 1660, 74053, , , , , ,
MON - EVE, 11/5/2018, 947, 6699, 34084, 13 22 30 36 45 48 $6.10 M/0, 217579, 1 22 25 36 37 $100000.00, , ,8 18 28 34 37 +90
TUE - MID, 11/6/2018, 418, 9384, 51045, , , , , ,
TUE - EVE, 11/6/2018, 911, 4289, 47206, , , 1 6 10 15 21 $110000.00, 28 34 37 56 69 +12 x2 $70.00 M/0, ,
WED - MID, 11/7/2018, 745, 5018, 77796, , , , , ,
WED - EVE, 11/7/2018, 375, 1154, 18535, 2 4 30 37 39 41 $6.20 M/0, 754964, 13 15 31 35 38 $120000.00, , 26 28 34 42 50 +25 x2 $71.00 M/0,
THU - MID, 11/8/2018, 971, 5130, 66081, , , , , ,
THU - EVE, 11/8/2018, 441, 4370, 13901, , , 6 16 18 32 34 $130000.00, , ,10 16 38 39 40 +130
FRI - MID, 11/9/2018, 206, 4252, 09639, , , , , ,
FRI - EVE, 11/9/2018, 483, 8131, 52987, , , 3 16 24 26 30 $140000.00, 8 14 27 57 67 +5 x4 $90.00 M/0, ,
SAT - MID, 11/10/2018, 532, 5721, 65666, , , , , ,
SAT - EVE, 11/10/2018, 362, 9893, 53605, 16 24 30 32 39 49 $6.30 M/0, 672129, 13 22 28 34 38 $174000.00, , 5 29 34 53 57 +24 x2 $92.00 M/0,
SUN - MID, 11/11/2018, 212, 2816, 70277, , , , , ,
SUN - EVE, 11/11/2018, 824, 0565, 31224, , , 2 12 23 27 30 $221000.00, , ,
MON - MID, 11/12/2018, 887, 0995, 84655, , , , , ,
MON - EVE, 11/12/2018, 946, 1181, 98670, 4 12 14 31 32 48 $6.40 M/0, 947267, 23 25 26 27 36 $261000.00, , ,2 4 9 15 37 +150
TUE - MID, 11/13/2018, 635, 3025, 15564, , , , , ,
TUE - EVE, 11/13/2018, 525, 3751, 72047, , , 12 14 20 33 37 $315000.00, 34 46 57 65 69 +11 x3 $106.00 M/0, ,
WED - MID, 11/14/2018, 027, 4886, 70809, , , , , ,
WED - EVE, 11/14/2018, 023, 4750, 45710, 12 16 22 23 37 49 $6.50 M/0, 245098, 7 15 24 29 36 $377000.00, , 7 42 49 62 69 +23 x5 $107.00 M/0,
THU - MID, 11/15/2018, 201, 3341, 40190, , , , , ,
THU - EVE, 11/15/2018, 177, 0677, 01716, , , 5 15 22 29 39 $440000.00, , ,14 28 29 38 42 +20
FRI - MID, 11/16/2018, 832, 9479, 35515, , , , , ,
FRI - EVE, 11/16/2018, 671, 9639, 09323, , , 11 12 22 34 39 $100000.00, 33 36 63 68 69 +16 x3 $122.00 M/0, ,
SAT - MID, 11/17/2018, 674, 4968, 19283, , , , , ,
SAT - EVE, 11/17/2018, 655, 9944, 15408, 3 7 22 31 44 46 $6.60 M/0, 075457, 3 4 8 14 17 $110000.00, , 6 8 20 52 68 +5 x2 $124.00 M/0,
SUN - MID, 11/18/2018, 791, 2094, 88771, , , , , ,
SUN - EVE, 11/18/2018, 053, 8570, 44433, , , 4 5 11 21 22 $120000.00, , ,
MON - MID, 11/19/2018, 419, 0724, 90873, , , , , ,
MON - EVE, 11/19/2018, 014, 2788, 21904, 14 17 22 26 36 44 $6.70 M/0, 411671, 1 6 13 15 18 $130000.00, , ,1 14 15 43 44 +150
TUE - MID, 11/20/2018, 937, 2314, 06723, , , , , ,
TUE - EVE, 11/20/2018, 039, 0886, 28703, , , 6 7 26 32 34 $140000.00, 10 16 31 42 66 +10 x3 $139.00 M/0, ,
WED - MID, 11/21/2018, 491, 3460, 61216, , , , , ,
WED - EVE, 11/21/2018, 679, 4363, 12953, 1 2 9 16 20 31 $6.80 M/0, 632034, 7 13 26 35 36 $150000.00, , 7 14 23 38 55 +18 x2 $139.00 M/0,
THU - MID, 11/22/2018, 789, 4790, 50830, , , , , ,
THU - EVE, 11/22/2018, 598, 2674, 81159, , , 1 10 12 22 37 $170000.00, , ,8 18 38 40 48 +20
FRI - MID, 11/23/2018, 031, 1070, 97626, , , , , ,
FRI - EVE, 11/23/2018, 325, 7588, 34431, , , 8 21 22 25 32 $200000.00, 7 10 30 33 59 +23 x4 $155.00 M/0, ,
SAT - MID, 11/24/2018, 650, 8603, 68253, , , , , ,
SAT - EVE, 11/24/2018, 307, 9178, 21438, 6 15 20 22 37 40 $6.90 M/0, 953228, 3 23 32 36 38 $242000.00, , 11 33 51 56 58 +18 x2 $155.00 M/0,
SUN - MID, 11/25/2018, 572, 9710, 81520, , , , , ,
SUN - EVE, 11/25/2018, 295, 8106, 58432, , , 6 18 28 31 34 $299000.00, , ,
MON - MID, 11/26/2018, 419, 5104, 79386, , , , , ,
MON - EVE, 11/26/2018, 790, 5860, 27214, 3 20 28 29 38 45 $7.00 M/0, 629982, 6 17 18 25 29 $358000.00, , ,10 23 29 37 43 +140
TUE - MID, 11/27/2018, 864, 4857, 00060, , , , , ,
TUE - EVE, 11/27/2018, 041, 5849, 43638, , , 9 15 25 32 34 $100000.00, 12 24 37 42 57 +18 x4 $172.00 M/0, ,
WED - MID, 11/28/2018, 777, 3755, 68342, , , , , ,
WED - EVE, 11/28/2018, 192, 8457, 11024, 23 26 28 29 42 43 $7.10 M/0, 744117, 1 6 15 24 37 $110000.00, , 4 19 59 68 69 +21 x2 $171.00 M/0,
THU - MID, 11/29/2018, 697, 1240, 19392, , , , , ,
THU - EVE, 11/29/2018, 411, 7328, 41353, , , 1 2 10 36 38 $120000.00, , ,1 4 11 36 41 +80
FRI - MID, 11/30/2018, 363, 0256, 55768, , , , , ,
FRI - EVE, 11/30/2018, 171, 6668, 47722, , , 1 16 19 22 34 $130000.00, 25 28 40 43 63 +19 x3 $190.00 M/0, ,
SAT - MID, 12/1/2018, 896, 5741, 90395, , , , , ,
SAT - EVE, 12/1/2018, 173, 0365, 28050, 3 11 17 28 31 37 $7.20 M/0, 944966, 11 15 22 32 35 $140000.00, , 10 11 47 55 58 +26 x2 $183.00 M/0,
SUN - MID, 12/2/2018, 896, 0181, 05136, , , , , ,
SUN - EVE, 12/2/2018, 215, 8221, 19947, , , 11 18 25 29 38 $181000.00, , ,
MON - MID, 12/3/2018, 031, 8340, 51261, , , , , ,
MON - EVE, 12/3/2018, 451, 7685, 35490, 7 17 27 32 35 46 $7.30 M/0, 156884, 10 15 26 28 37 $219000.00, , ,7 8 28 37 43 +110
TUE - MID, 12/4/2018, 679, 5671, 22697, , , , , ,
TUE - EVE, 12/4/2018, 885, 1830, 15611, , , 3 6 14 16 32 $266000.00, 28 31 41 42 50 +4 x3 $208.00 M/0, ,
WED - MID, 12/5/2018, 281, 7045, 16664, , , , , ,
WED - EVE, 12/5/2018, 384, 4221, 70296, 5 7 22 39 43 45 $7.40 M/0, 169842, 2 5 30 33 34 $314000.00, , 9 11 36 37 38 +11 x5 $200.00 M/0,
THU - MID, 12/6/2018, 269, 6893, 88121, , , , , ,
THU - EVE, 12/6/2018, 529, 5883, 67314, , , 10 24 25 34 36 $376000.00, , ,5 14 26 28 31 +50
FRI - MID, 12/7/2018, 032, 8665, 92816, , , , , ,
FRI - EVE, 12/7/2018, 848, 0399, 16981, , , 14 24 25 32 34 $443000.00, 4 10 20 33 57 +13 x3 $226.00 M/0, ,
SAT - MID, 12/8/2018, 689, 7405, 31871, , , , , ,
SAT - EVE, 12/8/2018, 639, 6121, 20764, 11 13 15 21 33 48 $7.50 M/0, 306670, 3 11 15 27 39 $100000.00, , 14 32 34 46 61 +10 x2 $217.00 M/0,
SUN - MID, 12/9/2018, 706, 7224, 52669, , , , , ,
SUN - EVE, 12/9/2018, 102, 0238, 48392, , , 8 19 32 33 37 $100000.00, , ,
MON - MID, 12/10/2018, 024, 6820, 69613, , , , , ,
MON - EVE, 12/10/2018, 303, 3074, 19744, 17 18 21 26 32 37 $7.60 M/0, 949391, 11 21 25 33 38 $110000.00, , ,16 20 26 28 47 +160
TUE - MID, 12/11/2018, 257, 4619, 51607, , , , , ,
TUE - EVE, 12/11/2018, 554, 0196, 81536, , , 4 11 12 29 38 $120000.00, 4 38 39 54 59 +12 x2 $245.00 M/0, ,
WED - MID, 12/12/2018, 339, 4159, 32125, , , , , ,
WED - EVE, 12/12/2018, 398, 4532, 75025, 3 21 31 35 37 42 $7.70 M/0, 526790, 7 15 18 21 30 $100000.00, , 4 9 21 29 64 +26 x2 $230.00 M/0,
THU - MID, 12/13/2018, 782, 7847, 88030, , , , , ,
THU - EVE, 12/13/2018, 443, 0026, 80891, , , 8 17 19 25 38 $110000.00, , ,15 31 38 39 40 +10
FRI - MID, 12/14/2018, 197, 7375, 23988, , , , , ,
FRI - EVE, 12/14/2018, 104, 7925, 22288, , , 7 23 24 25 27 $120000.00, 5 22 26 43 49 +23 x4 $262.00 M/0, ,
SAT - MID, 12/15/2018, 487, 1694, 79637, , , , , ,
SAT - EVE, 12/15/2018, 663, 2890, 92998, 8 16 23 29 40 47 $7.80 M/0, 633027, 2 4 12 16 28 $130000.00, , 8 38 43 52 55 +17 x3 $246.00 M/0,
SUN - MID, 12/16/2018, 405, 3854, 78855, , , , , ,
SUN - EVE, 12/16/2018, 405, 8694, 33723, , , 4 9 16 28 38 $140000.00, , ,
MON - MID, 12/17/2018, 253, 5678, 42650, , , , , ,
MON - EVE, 12/17/2018, 407, 9270, 11923, 7 8 13 14 23 47 $7.90 M/0, 017375, 1 17 26 27 38 $100000.00, , ,4 8 31 32 44 +90
TUE - MID, 12/18/2018, 354, 1167, 33696, , , , , ,
TUE - EVE, 12/18/2018, 150, 4330, 42841, , , 16 20 22 24 31 $110000.00, 13 22 32 60 69 +9 x3 $284.00 M/0, ,
WED - MID, 12/19/2018, 113, 0670, 96792, , , , , ,
WED - EVE, 12/19/2018, 588, 8231, 55822, 12 13 16 19 25 29 $8.00 M/0, 347741, 17 20 24 33 39 $100000.00, , 15 29 31 37 43 +16 x2 $262.00 M/0,
THU - MID, 12/20/2018, 582, 8166, 27854, , , , , ,
THU - EVE, 12/20/2018, 242, 1854, 49751, , , 1 3 9 21 34 $100000.00, , ,8 21 26 40 41 +130
FRI - MID, 12/21/2018, 538, 5936, 19792, , , , , ,
FRI - EVE, 12/21/2018, 796, 2289, 71794, , , 2 20 24 31 34 $110000.00, 10 13 61 62 70 +5 x3 $305.00 M/0, ,
SAT - MID, 12/22/2018, 711, 6017, 10294, , , , , ,
SAT - EVE, 12/22/2018, 841, 7269, 05147, 2 6 24 28 45 49 $8.10 M/0, 341141, 9 12 19 24 33 $100000.00, , 21 28 30 40 59 +26 x3 $281.00 M/0,
SUN - MID, 12/23/2018, 436, 6811, 78086, , , , , ,
SUN - EVE, 12/23/2018, 428, 8162, 86896, , , 4 8 19 27 32 $110000.00, , ,
MON - MID, 12/24/2018, 196, 0159, 38454, , , , , ,
MON - EVE, 12/24/2018, 446, 1413, 45086, 4 5 6 20 35 49 $8.20 M/0, 085297, 5 26 28 29 33 $120000.00, , ,2 9 14 27 47 +70
TUE - MID, 12/25/2018, 586, 3593, 54015, , , , , ,
TUE - EVE, 12/25/2018, 644, 2818, 62672, , , 5 19 21 22 27 $130000.00, 2 8 42 43 50 +6 x3 $321.00 M/0, ,
WED - MID, 12/26/2018, 142, 1989, 07963, , , , , ,
WED - EVE, 12/26/2018, 472, 0149, 47938, 6 14 26 27 33 34 $8.30 M/0, 782903, 18 19 21 22 32 $140000.00, , 5 25 38 52 67 +24 x2 $294.00 M/1,
THU - MID, 12/27/2018, 765, 5308, 97551, , , , , ,
THU - EVE, 12/27/2018, 056, 2764, 29113, , , 1 9 20 21 34 $150000.00, , ,9 16 32 39 41 +90
FRI - MID, 12/28/2018, 616, 6159, 34661, , , , , ,
FRI - EVE, 12/28/2018, 644, 9222, 35052, , , 10 17 18 21 22 $175000.00, 9 10 25 37 38 +21 x2 $370.00 M/0, ,
SAT - MID, 12/29/2018, 016, 0439, 04900, , , , , ,
SAT - EVE, 12/29/2018, 049, 2560, 18436, 16 23 27 31 40 45 $8.40 M/0, 879089, 9 10 22 30 35 $100000.00, , 12 42 51 53 62 +25 x2 $40.00 M/0,
SUN - MID, 12/30/2018, 936, 2369, 83200, , , , , ,
SUN - EVE, 12/30/2018, 256, 9122, 01053, , , 7 12 24 25 36 $100000.00, , ,
MON - MID, 12/31/2018, 156, 7900, 44106, , , , , ,
MON - EVE, 12/31/2018, 326, 1091, 30636, 12 15 19 30 34 48 $8.50 M/0, 777516, 3 9 22 28 38 $110000.00, , ,4 10 15 19 43 +80
