Draw,Date,Pick3,Pick4,Date_Time,Date_Str,Date_Delta,Pick3str,Pick4str,P3B1,P3B2,P3B3,P4B1,P4B2,P4B3,P4B4
0,2019-01-01,444,4225,2019-01-01,20190101,0.0,444,4225,4,4,4,4,2,2,5
1,2019-01-01,485,2838,2019-01-01,20190101,0.0,485,2838,4,8,5,2,8,3,8
0,2019-01-02,103,7637,2019-01-02,20190102,1.0,103,7637,1,0,3,7,6,3,7
1,2019-01-02,485,497,2019-01-02,20190102,1.0,485,0497,4,8,5,0,4,9,7
0,2019-01-03,309,4961,2019-01-03,20190103,2.0,309,4961,3,0,9,4,9,6,1
1,2019-01-03,644,787,2019-01-03,20190103,2.0,644,0787,6,4,4,0,7,8,7
0,2019-01-04,178,7193,2019-01-04,20190104,3.0,178,7193,1,7,8,7,1,9,3
1,2019-01-04,188,431,2019-01-04,20190104,3.0,188,0431,1,8,8,0,4,3,1
0,2019-01-05,922,5065,2019-01-05,20190105,4.0,922,5065,9,2,2,5,0,6,5
1,2019-01-05,728,3400,2019-01-05,20190105,4.0,728,3400,7,2,8,3,4,0,0
1,2019-01-06,916,3893,2019-01-06,20190106,5.0,916,3893,9,1,6,3,8,9,3
0,2019-01-06,862,7551,2019-01-06,20190106,5.0,862,7551,8,6,2,7,5,5,1
0,2019-01-07,952,4910,2019-01-07,20190107,6.0,952,4910,9,5,2,4,9,1,0
1,2019-01-07,312,2311,2019-01-07,20190107,6.0,312,2311,3,1,2,2,3,1,1
0,2019-01-08,401,9501,2019-01-08,20190108,7.0,401,9501,4,0,1,9,5,0,1
1,2019-01-08,844,1375,2019-01-08,20190108,7.0,844,1375,8,4,4,1,3,7,5
0,2019-01-09,64,2889,2019-01-09,20190109,8.0,064,2889,0,6,4,2,8,8,9
1,2019-01-09,451,4979,2019-01-09,20190109,8.0,451,4979,4,5,1,4,9,7,9
0,2019-01-10,48,8276,2019-01-10,20190110,9.0,048,8276,0,4,8,8,2,7,6
1,2019-01-10,94,1856,2019-01-10,20190110,9.0,094,1856,0,9,4,1,8,5,6
1,2019-01-11,305,6717,2019-01-11,20190111,10.0,305,6717,3,0,5,6,7,1,7
0,2019-01-11,61,4513,2019-01-11,20190111,10.0,061,4513,0,6,1,4,5,1,3
1,2019-01-12,940,1759,2019-01-12,20190112,11.0,940,1759,9,4,0,1,7,5,9
0,2019-01-12,374,5906,2019-01-12,20190112,11.0,374,5906,3,7,4,5,9,0,6
0,2019-01-13,827,6028,2019-01-13,20190113,12.0,827,6028,8,2,7,6,0,2,8
1,2019-01-13,109,1494,2019-01-13,20190113,12.0,109,1494,1,0,9,1,4,9,4
0,2019-01-14,220,2212,2019-01-14,20190114,13.0,220,2212,2,2,0,2,2,1,2
1,2019-01-14,650,1108,2019-01-14,20190114,13.0,650,1108,6,5,0,1,1,0,8
0,2019-01-15,906,7739,2019-01-15,20190115,14.0,906,7739,9,0,6,7,7,3,9
1,2019-01-15,389,3255,2019-01-15,20190115,14.0,389,3255,3,8,9,3,2,5,5
0,2019-01-16,793,3228,2019-01-16,20190116,15.0,793,3228,7,9,3,3,2,2,8
1,2019-01-16,560,7709,2019-01-16,20190116,15.0,560,7709,5,6,0,7,7,0,9
0,2019-01-17,202,2014,2019-01-17,20190117,16.0,202,2014,2,0,2,2,0,1,4
1,2019-01-17,809,1146,2019-01-17,20190117,16.0,809,1146,8,0,9,1,1,4,6
1,2019-01-18,123,6016,2019-01-18,20190118,17.0,123,6016,1,2,3,6,0,1,6
0,2019-01-18,693,4072,2019-01-18,20190118,17.0,693,4072,6,9,3,4,0,7,2
0,2019-01-19,858,9615,2019-01-19,20190119,18.0,858,9615,8,5,8,9,6,1,5
1,2019-01-19,752,2158,2019-01-19,20190119,18.0,752,2158,7,5,2,2,1,5,8
0,2019-01-20,79,6708,2019-01-20,20190120,19.0,079,6708,0,7,9,6,7,0,8
1,2019-01-20,646,2736,2019-01-20,20190120,19.0,646,2736,6,4,6,2,7,3,6
0,2019-01-21,925,3166,2019-01-21,20190121,20.0,925,3166,9,2,5,3,1,6,6
1,2019-01-21,303,2489,2019-01-21,20190121,20.0,303,2489,3,0,3,2,4,8,9
0,2019-01-22,725,1377,2019-01-22,20190122,21.0,725,1377,7,2,5,1,3,7,7
1,2019-01-22,493,2194,2019-01-22,20190122,21.0,493,2194,4,9,3,2,1,9,4
1,2019-01-23,541,5083,2019-01-23,20190123,22.0,541,5083,5,4,1,5,0,8,3
0,2019-01-23,343,9004,2019-01-23,20190123,22.0,343,9004,3,4,3,9,0,0,4
0,2019-01-24,44,6423,2019-01-24,20190124,23.0,044,6423,0,4,4,6,4,2,3
1,2019-01-24,136,4012,2019-01-24,20190124,23.0,136,4012,1,3,6,4,0,1,2
0,2019-01-25,58,679,2019-01-25,20190125,24.0,058,0679,0,5,8,0,6,7,9
1,2019-01-25,218,1582,2019-01-25,20190125,24.0,218,1582,2,1,8,1,5,8,2
0,2019-01-26,539,7587,2019-01-26,20190126,25.0,539,7587,5,3,9,7,5,8,7
1,2019-01-26,42,8884,2019-01-26,20190126,25.0,042,8884,0,4,2,8,8,8,4
0,2019-01-27,920,5445,2019-01-27,20190127,26.0,920,5445,9,2,0,5,4,4,5
1,2019-01-27,440,8230,2019-01-27,20190127,26.0,440,8230,4,4,0,8,2,3,0
1,2019-01-28,66,4745,2019-01-28,20190128,27.0,066,4745,0,6,6,4,7,4,5
0,2019-01-28,64,8080,2019-01-28,20190128,27.0,064,8080,0,6,4,8,0,8,0
0,2019-01-29,335,1644,2019-01-29,20190129,28.0,335,1644,3,3,5,1,6,4,4
1,2019-01-29,67,6030,2019-01-29,20190129,28.0,067,6030,0,6,7,6,0,3,0
0,2019-01-30,813,6288,2019-01-30,20190130,29.0,813,6288,8,1,3,6,2,8,8
1,2019-01-30,691,8264,2019-01-30,20190130,29.0,691,8264,6,9,1,8,2,6,4
0,2019-01-31,568,6636,2019-01-31,20190131,30.0,568,6636,5,6,8,6,6,3,6
1,2019-01-31,766,2351,2019-01-31,20190131,30.0,766,2351,7,6,6,2,3,5,1
0,2019-02-01,873,4442,2019-02-01,20190201,31.0,873,4442,8,7,3,4,4,4,2
1,2019-02-01,780,4154,2019-02-01,20190201,31.0,780,4154,7,8,0,4,1,5,4
0,2019-02-02,383,9780,2019-02-02,20190202,32.0,383,9780,3,8,3,9,7,8,0
1,2019-02-02,288,9819,2019-02-02,20190202,32.0,288,9819,2,8,8,9,8,1,9
1,2019-02-03,45,955,2019-02-03,20190203,33.0,045,0955,0,4,5,0,9,5,5
0,2019-02-03,391,4136,2019-02-03,20190203,33.0,391,4136,3,9,1,4,1,3,6
0,2019-02-04,891,2287,2019-02-04,20190204,34.0,891,2287,8,9,1,2,2,8,7
1,2019-02-04,240,4047,2019-02-04,20190204,34.0,240,4047,2,4,0,4,0,4,7
0,2019-02-05,794,497,2019-02-05,20190205,35.0,794,0497,7,9,4,0,4,9,7
1,2019-02-05,874,4828,2019-02-05,20190205,35.0,874,4828,8,7,4,4,8,2,8
0,2019-02-06,250,2484,2019-02-06,20190206,36.0,250,2484,2,5,0,2,4,8,4
1,2019-02-06,961,2482,2019-02-06,20190206,36.0,961,2482,9,6,1,2,4,8,2
0,2019-02-07,770,8240,2019-02-07,20190207,37.0,770,8240,7,7,0,8,2,4,0
1,2019-02-07,618,147,2019-02-07,20190207,37.0,618,0147,6,1,8,0,1,4,7
1,2019-02-08,562,7615,2019-02-08,20190208,38.0,562,7615,5,6,2,7,6,1,5
0,2019-02-08,283,8790,2019-02-08,20190208,38.0,283,8790,2,8,3,8,7,9,0
1,2019-02-09,291,8808,2019-02-09,20190209,39.0,291,8808,2,9,1,8,8,0,8
0,2019-02-09,378,7913,2019-02-09,20190209,39.0,378,7913,3,7,8,7,9,1,3
0,2019-02-10,703,9477,2019-02-10,20190210,40.0,703,9477,7,0,3,9,4,7,7
1,2019-02-10,533,3994,2019-02-10,20190210,40.0,533,3994,5,3,3,3,9,9,4
0,2019-02-11,696,2219,2019-02-11,20190211,41.0,696,2219,6,9,6,2,2,1,9
1,2019-02-11,108,2511,2019-02-11,20190211,41.0,108,2511,1,0,8,2,5,1,1
0,2019-02-12,491,6278,2019-02-12,20190212,42.0,491,6278,4,9,1,6,2,7,8
1,2019-02-12,62,5144,2019-02-12,20190212,42.0,062,5144,0,6,2,5,1,4,4
0,2019-02-13,854,3817,2019-02-13,20190213,43.0,854,3817,8,5,4,3,8,1,7
1,2019-02-13,134,746,2019-02-13,20190213,43.0,134,0746,1,3,4,0,7,4,6
0,2019-02-14,170,2919,2019-02-14,20190214,44.0,170,2919,1,7,0,2,9,1,9
1,2019-02-14,963,351,2019-02-14,20190214,44.0,963,0351,9,6,3,0,3,5,1
1,2019-02-15,499,6363,2019-02-15,20190215,45.0,499,6363,4,9,9,6,3,6,3
0,2019-02-15,778,9647,2019-02-15,20190215,45.0,778,9647,7,7,8,9,6,4,7
0,2019-02-16,651,6014,2019-02-16,20190216,46.0,651,6014,6,5,1,6,0,1,4
1,2019-02-16,301,6442,2019-02-16,20190216,46.0,301,6442,3,0,1,6,4,4,2
0,2019-02-17,252,1313,2019-02-17,20190217,47.0,252,1313,2,5,2,1,3,1,3
1,2019-02-17,40,2275,2019-02-17,20190217,47.0,040,2275,0,4,0,2,2,7,5
0,2019-02-18,840,1017,2019-02-18,20190218,48.0,840,1017,8,4,0,1,0,1,7
1,2019-02-18,581,9090,2019-02-18,20190218,48.0,581,9090,5,8,1,9,0,9,0
0,2019-02-19,768,374,2019-02-19,20190219,49.0,768,0374,7,6,8,0,3,7,4
1,2019-02-19,193,1511,2019-02-19,20190219,49.0,193,1511,1,9,3,1,5,1,1
1,2019-02-20,568,1416,2019-02-20,20190220,50.0,568,1416,5,6,8,1,4,1,6
0,2019-02-20,689,6516,2019-02-20,20190220,50.0,689,6516,6,8,9,6,5,1,6
0,2019-02-21,924,1696,2019-02-21,20190221,51.0,924,1696,9,2,4,1,6,9,6
1,2019-02-21,155,6553,2019-02-21,20190221,51.0,155,6553,1,5,5,6,5,5,3
0,2019-02-22,885,6309,2019-02-22,20190222,52.0,885,6309,8,8,5,6,3,0,9
1,2019-02-22,507,7516,2019-02-22,20190222,52.0,507,7516,5,0,7,7,5,1,6
0,2019-02-23,582,7268,2019-02-23,20190223,53.0,582,7268,5,8,2,7,2,6,8
1,2019-02-23,853,3957,2019-02-23,20190223,53.0,853,3957,8,5,3,3,9,5,7
0,2019-02-24,363,67,2019-02-24,20190224,54.0,363,0067,3,6,3,0,0,6,7
1,2019-02-24,27,3115,2019-02-24,20190224,54.0,027,3115,0,2,7,3,1,1,5
0,2019-02-25,419,3310,2019-02-25,20190225,55.0,419,3310,4,1,9,3,3,1,0
1,2019-02-25,821,4242,2019-02-25,20190225,55.0,821,4242,8,2,1,4,2,4,2
1,2019-02-26,603,290,2019-02-26,20190226,56.0,603,0290,6,0,3,0,2,9,0
0,2019-02-26,591,5270,2019-02-26,20190226,56.0,591,5270,5,9,1,5,2,7,0
0,2019-02-27,48,8278,2019-02-27,20190227,57.0,048,8278,0,4,8,8,2,7,8
1,2019-02-27,691,1234,2019-02-27,20190227,57.0,691,1234,6,9,1,1,2,3,4
0,2019-02-28,414,4860,2019-02-28,20190228,58.0,414,4860,4,1,4,4,8,6,0
1,2019-02-28,274,543,2019-02-28,20190228,58.0,274,0543,2,7,4,0,5,4,3
0,2019-03-01,250,7727,2019-03-01,20190301,59.0,250,7727,2,5,0,7,7,2,7
1,2019-03-01,11,9271,2019-03-01,20190301,59.0,011,9271,0,1,1,9,2,7,1
0,2019-03-02,555,257,2019-03-02,20190302,60.0,555,0257,5,5,5,0,2,5,7
1,2019-03-02,755,3913,2019-03-02,20190302,60.0,755,3913,7,5,5,3,9,1,3
1,2019-03-03,205,9212,2019-03-03,20190303,61.0,205,9212,2,0,5,9,2,1,2
0,2019-03-03,471,3111,2019-03-03,20190303,61.0,471,3111,4,7,1,3,1,1,1
1,2019-03-04,980,1673,2019-03-04,20190304,62.0,980,1673,9,8,0,1,6,7,3
0,2019-03-04,252,6166,2019-03-04,20190304,62.0,252,6166,2,5,2,6,1,6,6
0,2019-03-05,202,2125,2019-03-05,20190305,63.0,202,2125,2,0,2,2,1,2,5
1,2019-03-05,335,8102,2019-03-05,20190305,63.0,335,8102,3,3,5,8,1,0,2
0,2019-03-06,289,8137,2019-03-06,20190306,64.0,289,8137,2,8,9,8,1,3,7
1,2019-03-06,289,2011,2019-03-06,20190306,64.0,289,2011,2,8,9,2,0,1,1
0,2019-03-07,378,4686,2019-03-07,20190307,65.0,378,4686,3,7,8,4,6,8,6
1,2019-03-07,221,1368,2019-03-07,20190307,65.0,221,1368,2,2,1,1,3,6,8
0,2019-03-08,401,1994,2019-03-08,20190308,66.0,401,1994,4,0,1,1,9,9,4
1,2019-03-08,715,7416,2019-03-08,20190308,66.0,715,7416,7,1,5,7,4,1,6
1,2019-03-09,103,4493,2019-03-09,20190309,67.0,103,4493,1,0,3,4,4,9,3
0,2019-03-09,989,3772,2019-03-09,20190309,67.0,989,3772,9,8,9,3,7,7,2
1,2019-03-10,312,6717,2019-03-10,20190310,68.0,312,6717,3,1,2,6,7,1,7
0,2019-03-10,193,5711,2019-03-10,20190310,68.0,193,5711,1,9,3,5,7,1,1
0,2019-03-11,741,6451,2019-03-11,20190311,69.0,741,6451,7,4,1,6,4,5,1
1,2019-03-11,439,6365,2019-03-11,20190311,69.0,439,6365,4,3,9,6,3,6,5
0,2019-03-12,112,3861,2019-03-12,20190312,70.0,112,3861,1,1,2,3,8,6,1
1,2019-03-12,570,987,2019-03-12,20190312,70.0,570,0987,5,7,0,0,9,8,7
0,2019-03-13,525,6977,2019-03-13,20190313,71.0,525,6977,5,2,5,6,9,7,7
1,2019-03-13,520,2061,2019-03-13,20190313,71.0,520,2061,5,2,0,2,0,6,1
0,2019-03-14,119,6626,2019-03-14,20190314,72.0,119,6626,1,1,9,6,6,2,6
1,2019-03-14,830,153,2019-03-14,20190314,72.0,830,0153,8,3,0,0,1,5,3
0,2019-03-15,899,652,2019-03-15,20190315,73.0,899,0652,8,9,9,0,6,5,2
1,2019-03-15,736,9132,2019-03-15,20190315,73.0,736,9132,7,3,6,9,1,3,2
1,2019-03-16,276,271,2019-03-16,20190316,74.0,276,0271,2,7,6,0,2,7,1
0,2019-03-16,48,3940,2019-03-16,20190316,74.0,048,3940,0,4,8,3,9,4,0
0,2019-03-17,225,9454,2019-03-17,20190317,75.0,225,9454,2,2,5,9,4,5,4
1,2019-03-17,747,2498,2019-03-17,20190317,75.0,747,2498,7,4,7,2,4,9,8
0,2019-03-18,771,3202,2019-03-18,20190318,76.0,771,3202,7,7,1,3,2,0,2
1,2019-03-18,866,2070,2019-03-18,20190318,76.0,866,2070,8,6,6,2,0,7,0
0,2019-03-19,594,6828,2019-03-19,20190319,77.0,594,6828,5,9,4,6,8,2,8
1,2019-03-19,714,9394,2019-03-19,20190319,77.0,714,9394,7,1,4,9,3,9,4
0,2019-03-20,347,6353,2019-03-20,20190320,78.0,347,6353,3,4,7,6,3,5,3
1,2019-03-20,448,8502,2019-03-20,20190320,78.0,448,8502,4,4,8,8,5,0,2
1,2019-03-21,747,1129,2019-03-21,20190321,79.0,747,1129,7,4,7,1,1,2,9
0,2019-03-21,205,9661,2019-03-21,20190321,79.0,205,9661,2,0,5,9,6,6,1
0,2019-03-22,116,3981,2019-03-22,20190322,80.0,116,3981,1,1,6,3,9,8,1
1,2019-03-22,39,7003,2019-03-22,20190322,80.0,039,7003,0,3,9,7,0,0,3
0,2019-03-23,366,8054,2019-03-23,20190323,81.0,366,8054,3,6,6,8,0,5,4
1,2019-03-23,637,2951,2019-03-23,20190323,81.0,637,2951,6,3,7,2,9,5,1
0,2019-03-24,988,3192,2019-03-24,20190324,82.0,988,3192,9,8,8,3,1,9,2
1,2019-03-24,748,2743,2019-03-24,20190324,82.0,748,2743,7,4,8,2,7,4,3
0,2019-03-25,592,4429,2019-03-25,20190325,83.0,592,4429,5,9,2,4,4,2,9
1,2019-03-25,531,7986,2019-03-25,20190325,83.0,531,7986,5,3,1,7,9,8,6
1,2019-03-26,81,5101,2019-03-26,20190326,84.0,081,5101,0,8,1,5,1,0,1
0,2019-03-26,884,5300,2019-03-26,20190326,84.0,884,5300,8,8,4,5,3,0,0
0,2019-03-27,888,7652,2019-03-27,20190327,85.0,888,7652,8,8,8,7,6,5,2
1,2019-03-27,57,9524,2019-03-27,20190327,85.0,057,9524,0,5,7,9,5,2,4
0,2019-03-28,493,8817,2019-03-28,20190328,86.0,493,8817,4,9,3,8,8,1,7
1,2019-03-28,113,5674,2019-03-28,20190328,86.0,113,5674,1,1,3,5,6,7,4
0,2019-03-29,809,9561,2019-03-29,20190329,87.0,809,9561,8,0,9,9,5,6,1
1,2019-03-29,207,2466,2019-03-29,20190329,87.0,207,2466,2,0,7,2,4,6,6
0,2019-03-30,283,966,2019-03-30,20190330,88.0,283,0966,2,8,3,0,9,6,6
1,2019-03-30,574,5961,2019-03-30,20190330,88.0,574,5961,5,7,4,5,9,6,1
0,2019-03-31,397,5700,2019-03-31,20190331,89.0,397,5700,3,9,7,5,7,0,0
1,2019-03-31,190,4749,2019-03-31,20190331,89.0,190,4749,1,9,0,4,7,4,9
1,2019-04-01,674,1202,2019-04-01,20190401,90.0,674,1202,6,7,4,1,2,0,2
0,2019-04-01,575,9429,2019-04-01,20190401,90.0,575,9429,5,7,5,9,4,2,9
1,2019-04-02,471,627,2019-04-02,20190402,91.0,471,0627,4,7,1,0,6,2,7
0,2019-04-02,345,9108,2019-04-02,20190402,91.0,345,9108,3,4,5,9,1,0,8
0,2019-04-03,511,3361,2019-04-03,20190403,92.0,511,3361,5,1,1,3,3,6,1
1,2019-04-03,902,7947,2019-04-03,20190403,92.0,902,7947,9,0,2,7,9,4,7
0,2019-04-04,656,2454,2019-04-04,20190404,93.0,656,2454,6,5,6,2,4,5,4
1,2019-04-04,603,3477,2019-04-04,20190404,93.0,603,3477,6,0,3,3,4,7,7
0,2019-04-05,935,3606,2019-04-05,20190405,94.0,935,3606,9,3,5,3,6,0,6
1,2019-04-05,213,5582,2019-04-05,20190405,94.0,213,5582,2,1,3,5,5,8,2
0,2019-04-06,578,3003,2019-04-06,20190406,95.0,578,3003,5,7,8,3,0,0,3
1,2019-04-06,912,3077,2019-04-06,20190406,95.0,912,3077,9,1,2,3,0,7,7
1,2019-04-07,64,5743,2019-04-07,20190407,96.0,064,5743,0,6,4,5,7,4,3
0,2019-04-07,943,9925,2019-04-07,20190407,96.0,943,9925,9,4,3,9,9,2,5
0,2019-04-08,90,4628,2019-04-08,20190408,97.0,090,4628,0,9,0,4,6,2,8
1,2019-04-08,322,7778,2019-04-08,20190408,97.0,322,7778,3,2,2,7,7,7,8
0,2019-04-09,95,4084,2019-04-09,20190409,98.0,095,4084,0,9,5,4,0,8,4
1,2019-04-09,765,8393,2019-04-09,20190409,98.0,765,8393,7,6,5,8,3,9,3
0,2019-04-10,983,2566,2019-04-10,20190410,99.0,983,2566,9,8,3,2,5,6,6
1,2019-04-10,423,8968,2019-04-10,20190410,99.0,423,8968,4,2,3,8,9,6,8
0,2019-04-11,807,465,2019-04-11,20190411,100.0,807,0465,8,0,7,0,4,6,5
1,2019-04-11,176,103,2019-04-11,20190411,100.0,176,0103,1,7,6,0,1,0,3
0,2019-04-12,130,460,2019-04-12,20190412,101.0,130,0460,1,3,0,0,4,6,0
1,2019-04-12,547,8940,2019-04-12,20190412,101.0,547,8940,5,4,7,8,9,4,0
1,2019-04-13,554,5027,2019-04-13,20190413,102.0,554,5027,5,5,4,5,0,2,7
0,2019-04-13,86,1802,2019-04-13,20190413,102.0,086,1802,0,8,6,1,8,0,2
0,2019-04-14,683,5672,2019-04-14,20190414,103.0,683,5672,6,8,3,5,6,7,2
1,2019-04-14,888,9676,2019-04-14,20190414,103.0,888,9676,8,8,8,9,6,7,6
0,2019-04-15,508,4608,2019-04-15,20190415,104.0,508,4608,5,0,8,4,6,0,8
1,2019-04-15,583,1960,2019-04-15,20190415,104.0,583,1960,5,8,3,1,9,6,0
0,2019-04-16,587,4642,2019-04-16,20190416,105.0,587,4642,5,8,7,4,6,4,2
1,2019-04-16,722,1483,2019-04-16,20190416,105.0,722,1483,7,2,2,1,4,8,3
0,2019-04-17,560,5264,2019-04-17,20190417,106.0,560,5264,5,6,0,5,2,6,4
1,2019-04-17,575,5772,2019-04-17,20190417,106.0,575,5772,5,7,5,5,7,7,2
1,2019-04-18,161,6886,2019-04-18,20190418,107.0,161,6886,1,6,1,6,8,8,6
0,2019-04-18,904,9932,2019-04-18,20190418,107.0,904,9932,9,0,4,9,9,3,2
1,2019-04-19,290,8208,2019-04-19,20190419,108.0,290,8208,2,9,0,8,2,0,8
0,2019-04-19,586,660,2019-04-19,20190419,108.0,586,0660,5,8,6,0,6,6,0
0,2019-04-20,923,867,2019-04-20,20190420,109.0,923,0867,9,2,3,0,8,6,7
1,2019-04-20,193,1732,2019-04-20,20190420,109.0,193,1732,1,9,3,1,7,3,2
0,2019-04-21,261,739,2019-04-21,20190421,110.0,261,0739,2,6,1,0,7,3,9
1,2019-04-21,557,4695,2019-04-21,20190421,110.0,557,4695,5,5,7,4,6,9,5
0,2019-04-22,742,8516,2019-04-22,20190422,111.0,742,8516,7,4,2,8,5,1,6
1,2019-04-22,99,4792,2019-04-22,20190422,111.0,099,4792,0,9,9,4,7,9,2
0,2019-04-23,965,1395,2019-04-23,20190423,112.0,965,1395,9,6,5,1,3,9,5
1,2019-04-23,137,8135,2019-04-23,20190423,112.0,137,8135,1,3,7,8,1,3,5
0,2019-04-24,307,2449,2019-04-24,20190424,113.0,307,2449,3,0,7,2,4,4,9
1,2019-04-24,584,584,2019-04-24,20190424,113.0,584,0584,5,8,4,0,5,8,4
1,2019-04-25,530,689,2019-04-25,20190425,114.0,530,0689,5,3,0,0,6,8,9
0,2019-04-25,394,2062,2019-04-25,20190425,114.0,394,2062,3,9,4,2,0,6,2
0,2019-04-26,593,3873,2019-04-26,20190426,115.0,593,3873,5,9,3,3,8,7,3
1,2019-04-26,32,5703,2019-04-26,20190426,115.0,032,5703,0,3,2,5,7,0,3
0,2019-04-27,568,6953,2019-04-27,20190427,116.0,568,6953,5,6,8,6,9,5,3
1,2019-04-27,8,5510,2019-04-27,20190427,116.0,008,5510,0,0,8,5,5,1,0
0,2019-04-28,508,8826,2019-04-28,20190428,117.0,508,8826,5,0,8,8,8,2,6
1,2019-04-28,813,1967,2019-04-28,20190428,117.0,813,1967,8,1,3,1,9,6,7
0,2019-04-29,167,6200,2019-04-29,20190429,118.0,167,6200,1,6,7,6,2,0,0
1,2019-04-29,358,8617,2019-04-29,20190429,118.0,358,8617,3,5,8,8,6,1,7
1,2019-04-30,885,7071,2019-04-30,20190430,119.0,885,7071,8,8,5,7,0,7,1
0,2019-04-30,507,5691,2019-04-30,20190430,119.0,507,5691,5,0,7,5,6,9,1
0,2019-05-01,358,2599,2019-05-01,20190501,120.0,358,2599,3,5,8,2,5,9,9
1,2019-05-01,604,7730,2019-05-01,20190501,120.0,604,7730,6,0,4,7,7,3,0
0,2019-05-02,162,6865,2019-05-02,20190502,121.0,162,6865,1,6,2,6,8,6,5
1,2019-05-02,868,9116,2019-05-02,20190502,121.0,868,9116,8,6,8,9,1,1,6
0,2019-05-03,56,6075,2019-05-03,20190503,122.0,056,6075,0,5,6,6,0,7,5
1,2019-05-03,417,136,2019-05-03,20190503,122.0,417,0136,4,1,7,0,1,3,6
0,2019-05-04,161,6943,2019-05-04,20190504,123.0,161,6943,1,6,1,6,9,4,3
1,2019-05-04,247,7881,2019-05-04,20190504,123.0,247,7881,2,4,7,7,8,8,1
1,2019-05-05,804,7113,2019-05-05,20190505,124.0,804,7113,8,0,4,7,1,1,3
0,2019-05-05,510,5952,2019-05-05,20190505,124.0,510,5952,5,1,0,5,9,5,2
1,2019-05-06,889,3023,2019-05-06,20190506,125.0,889,3023,8,8,9,3,0,2,3
0,2019-05-06,551,7814,2019-05-06,20190506,125.0,551,7814,5,5,1,7,8,1,4
0,2019-05-07,235,4152,2019-05-07,20190507,126.0,235,4152,2,3,5,4,1,5,2
1,2019-05-07,331,6678,2019-05-07,20190507,126.0,331,6678,3,3,1,6,6,7,8
0,2019-05-08,403,9554,2019-05-08,20190508,127.0,403,9554,4,0,3,9,5,5,4
1,2019-05-08,7,165,2019-05-08,20190508,127.0,007,0165,0,0,7,0,1,6,5
0,2019-05-09,970,4201,2019-05-09,20190509,128.0,970,4201,9,7,0,4,2,0,1
1,2019-05-09,720,4190,2019-05-09,20190509,128.0,720,4190,7,2,0,4,1,9,0
0,2019-05-10,95,315,2019-05-10,20190510,129.0,095,0315,0,9,5,0,3,1,5
1,2019-05-10,235,7851,2019-05-10,20190510,129.0,235,7851,2,3,5,7,8,5,1
1,2019-05-11,934,4632,2019-05-11,20190511,130.0,934,4632,9,3,4,4,6,3,2
0,2019-05-11,420,3650,2019-05-11,20190511,130.0,420,3650,4,2,0,3,6,5,0
0,2019-05-12,28,3571,2019-05-12,20190512,131.0,028,3571,0,2,8,3,5,7,1
1,2019-05-12,224,8748,2019-05-12,20190512,131.0,224,8748,2,2,4,8,7,4,8
0,2019-05-13,891,7093,2019-05-13,20190513,132.0,891,7093,8,9,1,7,0,9,3
1,2019-05-13,125,8983,2019-05-13,20190513,132.0,125,8983,1,2,5,8,9,8,3
0,2019-05-14,155,4060,2019-05-14,20190514,133.0,155,4060,1,5,5,4,0,6,0
1,2019-05-14,48,7437,2019-05-14,20190514,133.0,048,7437,0,4,8,7,4,3,7
0,2019-05-15,586,619,2019-05-15,20190515,134.0,586,0619,5,8,6,0,6,1,9
1,2019-05-15,790,8844,2019-05-15,20190515,134.0,790,8844,7,9,0,8,8,4,4
0,2019-05-16,977,8688,2019-05-16,20190516,135.0,977,8688,9,7,7,8,6,8,8
1,2019-05-16,52,4179,2019-05-16,20190516,135.0,052,4179,0,5,2,4,1,7,9
1,2019-05-17,972,4006,2019-05-17,20190517,136.0,972,4006,9,7,2,4,0,0,6
0,2019-05-17,38,9961,2019-05-17,20190517,136.0,038,9961,0,3,8,9,9,6,1
1,2019-05-18,231,3184,2019-05-18,20190518,137.0,231,3184,2,3,1,3,1,8,4
0,2019-05-18,224,696,2019-05-18,20190518,137.0,224,0696,2,2,4,0,6,9,6
0,2019-05-19,178,6866,2019-05-19,20190519,138.0,178,6866,1,7,8,6,8,6,6
1,2019-05-19,695,3635,2019-05-19,20190519,138.0,695,3635,6,9,5,3,6,3,5
0,2019-05-20,893,305,2019-05-20,20190520,139.0,893,0305,8,9,3,0,3,0,5
1,2019-05-20,731,208,2019-05-20,20190520,139.0,731,0208,7,3,1,0,2,0,8
0,2019-05-21,735,2877,2019-05-21,20190521,140.0,735,2877,7,3,5,2,8,7,7
1,2019-05-21,987,2727,2019-05-21,20190521,140.0,987,2727,9,8,7,2,7,2,7
0,2019-05-22,920,5092,2019-05-22,20190522,141.0,920,5092,9,2,0,5,0,9,2
1,2019-05-22,290,2309,2019-05-22,20190522,141.0,290,2309,2,9,0,2,3,0,9
0,2019-05-23,854,2164,2019-05-23,20190523,142.0,854,2164,8,5,4,2,1,6,4
1,2019-05-23,445,9229,2019-05-23,20190523,142.0,445,9229,4,4,5,9,2,2,9
1,2019-05-24,333,7415,2019-05-24,20190524,143.0,333,7415,3,3,3,7,4,1,5
0,2019-05-24,969,7007,2019-05-24,20190524,143.0,969,7007,9,6,9,7,0,0,7
0,2019-05-25,265,8036,2019-05-25,20190525,144.0,265,8036,2,6,5,8,0,3,6
1,2019-05-25,731,9102,2019-05-25,20190525,144.0,731,9102,7,3,1,9,1,0,2
0,2019-05-26,744,6257,2019-05-26,20190526,145.0,744,6257,7,4,4,6,2,5,7
1,2019-05-26,825,2851,2019-05-26,20190526,145.0,825,2851,8,2,5,2,8,5,1
0,2019-05-27,366,4158,2019-05-27,20190527,146.0,366,4158,3,6,6,4,1,5,8
1,2019-05-27,775,5247,2019-05-27,20190527,146.0,775,5247,7,7,5,5,2,4,7
0,2019-05-28,834,7355,2019-05-28,20190528,147.0,834,7355,8,3,4,7,3,5,5
1,2019-05-28,343,3368,2019-05-28,20190528,147.0,343,3368,3,4,3,3,3,6,8
1,2019-05-29,322,4740,2019-05-29,20190529,148.0,322,4740,3,2,2,4,7,4,0
0,2019-05-29,626,477,2019-05-29,20190529,148.0,626,0477,6,2,6,0,4,7,7
1,2019-05-30,958,6791,2019-05-30,20190530,149.0,958,6791,9,5,8,6,7,9,1
0,2019-05-30,31,347,2019-05-30,20190530,149.0,031,0347,0,3,1,0,3,4,7
0,2019-05-31,866,4091,2019-05-31,20190531,150.0,866,4091,8,6,6,4,0,9,1
1,2019-05-31,286,6661,2019-05-31,20190531,150.0,286,6661,2,8,6,6,6,6,1
0,2019-06-01,793,7504,2019-06-01,20190601,151.0,793,7504,7,9,3,7,5,0,4
1,2019-06-01,713,9967,2019-06-01,20190601,151.0,713,9967,7,1,3,9,9,6,7
0,2019-06-02,335,678,2019-06-02,20190602,152.0,335,0678,3,3,5,0,6,7,8
1,2019-06-02,310,435,2019-06-02,20190602,152.0,310,0435,3,1,0,0,4,3,5
0,2019-06-03,131,1955,2019-06-03,20190603,153.0,131,1955,1,3,1,1,9,5,5
1,2019-06-03,75,5806,2019-06-03,20190603,153.0,075,5806,0,7,5,5,8,0,6
0,2019-06-04,446,4271,2019-06-04,20190604,154.0,446,4271,4,4,6,4,2,7,1
1,2019-06-04,706,9187,2019-06-04,20190604,154.0,706,9187,7,0,6,9,1,8,7
1,2019-06-05,497,6402,2019-06-05,20190605,155.0,497,6402,4,9,7,6,4,0,2
0,2019-06-05,96,7188,2019-06-05,20190605,155.0,096,7188,0,9,6,7,1,8,8
0,2019-06-06,343,342,2019-06-06,20190606,156.0,343,0342,3,4,3,0,3,4,2
1,2019-06-06,96,8428,2019-06-06,20190606,156.0,096,8428,0,9,6,8,4,2,8
0,2019-06-07,92,7589,2019-06-07,20190607,157.0,092,7589,0,9,2,7,5,8,9
1,2019-06-07,274,8067,2019-06-07,20190607,157.0,274,8067,2,7,4,8,0,6,7
0,2019-06-08,339,1164,2019-06-08,20190608,158.0,339,1164,3,3,9,1,1,6,4
1,2019-06-08,180,5984,2019-06-08,20190608,158.0,180,5984,1,8,0,5,9,8,4
0,2019-06-09,221,5729,2019-06-09,20190609,159.0,221,5729,2,2,1,5,7,2,9
1,2019-06-09,505,4156,2019-06-09,20190609,159.0,505,4156,5,0,5,4,1,5,6
1,2019-06-10,721,1197,2019-06-10,20190610,160.0,721,1197,7,2,1,1,1,9,7
0,2019-06-10,6,5484,2019-06-10,20190610,160.0,006,5484,0,0,6,5,4,8,4
0,2019-06-11,22,516,2019-06-11,20190611,161.0,022,0516,0,2,2,0,5,1,6
1,2019-06-11,934,7835,2019-06-11,20190611,161.0,934,7835,9,3,4,7,8,3,5
0,2019-06-12,737,4473,2019-06-12,20190612,162.0,737,4473,7,3,7,4,4,7,3
1,2019-06-12,150,680,2019-06-12,20190612,162.0,150,0680,1,5,0,0,6,8,0
0,2019-06-13,178,8348,2019-06-13,20190613,163.0,178,8348,1,7,8,8,3,4,8
1,2019-06-13,231,7432,2019-06-13,20190613,163.0,231,7432,2,3,1,7,4,3,2
0,2019-06-14,544,6473,2019-06-14,20190614,164.0,544,6473,5,4,4,6,4,7,3
1,2019-06-14,305,7801,2019-06-14,20190614,164.0,305,7801,3,0,5,7,8,0,1
1,2019-06-15,217,51,2019-06-15,20190615,165.0,217,0051,2,1,7,0,0,5,1
0,2019-06-15,55,9170,2019-06-15,20190615,165.0,055,9170,0,5,5,9,1,7,0
0,2019-06-16,27,8377,2019-06-16,20190616,166.0,027,8377,0,2,7,8,3,7,7
1,2019-06-16,794,4638,2019-06-16,20190616,166.0,794,4638,7,9,4,4,6,3,8
0,2019-06-17,78,5001,2019-06-17,20190617,167.0,078,5001,0,7,8,5,0,0,1
1,2019-06-17,827,7032,2019-06-17,20190617,167.0,827,7032,8,2,7,7,0,3,2
0,2019-06-18,338,1250,2019-06-18,20190618,168.0,338,1250,3,3,8,1,2,5,0
1,2019-06-18,104,6396,2019-06-18,20190618,168.0,104,6396,1,0,4,6,3,9,6
0,2019-06-19,138,2145,2019-06-19,20190619,169.0,138,2145,1,3,8,2,1,4,5
1,2019-06-19,451,2198,2019-06-19,20190619,169.0,451,2198,4,5,1,2,1,9,8
0,2019-06-20,581,65,2019-06-20,20190620,170.0,581,0065,5,8,1,0,0,6,5
1,2019-06-20,465,4366,2019-06-20,20190620,170.0,465,4366,4,6,5,4,3,6,6
1,2019-06-21,978,9816,2019-06-21,20190621,171.0,978,9816,9,7,8,9,8,1,6
0,2019-06-21,795,6466,2019-06-21,20190621,171.0,795,6466,7,9,5,6,4,6,6
0,2019-06-22,493,9780,2019-06-22,20190622,172.0,493,9780,4,9,3,9,7,8,0
1,2019-06-22,218,7739,2019-06-22,20190622,172.0,218,7739,2,1,8,7,7,3,9
0,2019-06-23,119,5703,2019-06-23,20190623,173.0,119,5703,1,1,9,5,7,0,3
1,2019-06-23,510,8327,2019-06-23,20190623,173.0,510,8327,5,1,0,8,3,2,7
0,2019-06-24,983,7017,2019-06-24,20190624,174.0,983,7017,9,8,3,7,0,1,7
1,2019-06-24,627,9322,2019-06-24,20190624,174.0,627,9322,6,2,7,9,3,2,2
0,2019-06-25,718,1403,2019-06-25,20190625,175.0,718,1403,7,1,8,1,4,0,3
1,2019-06-25,419,6545,2019-06-25,20190625,175.0,419,6545,4,1,9,6,5,4,5
1,2019-06-26,659,1105,2019-06-26,20190626,176.0,659,1105,6,5,9,1,1,0,5
0,2019-06-26,350,5411,2019-06-26,20190626,176.0,350,5411,3,5,0,5,4,1,1
0,2019-06-27,773,1943,2019-06-27,20190627,177.0,773,1943,7,7,3,1,9,4,3
1,2019-06-27,728,5017,2019-06-27,20190627,177.0,728,5017,7,2,8,5,0,1,7
0,2019-06-28,167,2006,2019-06-28,20190628,178.0,167,2006,1,6,7,2,0,0,6
1,2019-06-28,284,3807,2019-06-28,20190628,178.0,284,3807,2,8,4,3,8,0,7
0,2019-06-29,180,7536,2019-06-29,20190629,179.0,180,7536,1,8,0,7,5,3,6
1,2019-06-29,201,2216,2019-06-29,20190629,179.0,201,2216,2,0,1,2,2,1,6
0,2019-06-30,198,1548,2019-06-30,20190630,180.0,198,1548,1,9,8,1,5,4,8
1,2019-06-30,55,2445,2019-06-30,20190630,180.0,055,2445,0,5,5,2,4,4,5
1,2019-07-01,998,1210,2019-07-01,20190701,181.0,998,1210,9,9,8,1,2,1,0
0,2019-07-01,177,2085,2019-07-01,20190701,181.0,177,2085,1,7,7,2,0,8,5
1,2019-07-02,760,2895,2019-07-02,20190702,182.0,760,2895,7,6,0,2,8,9,5
0,2019-07-02,268,3232,2019-07-02,20190702,182.0,268,3232,2,6,8,3,2,3,2
0,2019-07-03,543,9719,2019-07-03,20190703,183.0,543,9719,5,4,3,9,7,1,9
1,2019-07-03,217,6300,2019-07-03,20190703,183.0,217,6300,2,1,7,6,3,0,0
0,2019-07-04,475,3255,2019-07-04,20190704,184.0,475,3255,4,7,5,3,2,5,5
1,2019-07-04,605,6638,2019-07-04,20190704,184.0,605,6638,6,0,5,6,6,3,8
0,2019-07-05,74,4239,2019-07-05,20190705,185.0,074,4239,0,7,4,4,2,3,9
1,2019-07-05,750,1897,2019-07-05,20190705,185.0,750,1897,7,5,0,1,8,9,7
0,2019-07-06,311,5546,2019-07-06,20190706,186.0,311,5546,3,1,1,5,5,4,6
1,2019-07-06,85,5156,2019-07-06,20190706,186.0,085,5156,0,8,5,5,1,5,6
0,2019-07-07,174,9769,2019-07-07,20190707,187.0,174,9769,1,7,4,9,7,6,9
1,2019-07-07,194,4129,2019-07-07,20190707,187.0,194,4129,1,9,4,4,1,2,9
1,2019-07-08,245,8661,2019-07-08,20190708,188.0,245,8661,2,4,5,8,6,6,1
0,2019-07-08,175,2882,2019-07-08,20190708,188.0,175,2882,1,7,5,2,8,8,2
0,2019-07-09,816,555,2019-07-09,20190709,189.0,816,0555,8,1,6,0,5,5,5
1,2019-07-09,397,3291,2019-07-09,20190709,189.0,397,3291,3,9,7,3,2,9,1
0,2019-07-10,553,2064,2019-07-10,20190710,190.0,553,2064,5,5,3,2,0,6,4
1,2019-07-10,17,9941,2019-07-10,20190710,190.0,017,9941,0,1,7,9,9,4,1
0,2019-07-11,43,4548,2019-07-11,20190711,191.0,043,4548,0,4,3,4,5,4,8
1,2019-07-11,84,5706,2019-07-11,20190711,191.0,084,5706,0,8,4,5,7,0,6
0,2019-07-12,613,8780,2019-07-12,20190712,192.0,613,8780,6,1,3,8,7,8,0
1,2019-07-12,544,2947,2019-07-12,20190712,192.0,544,2947,5,4,4,2,9,4,7
1,2019-07-13,920,3186,2019-07-13,20190713,193.0,920,3186,9,2,0,3,1,8,6
0,2019-07-13,703,8062,2019-07-13,20190713,193.0,703,8062,7,0,3,8,0,6,2
0,2019-07-14,801,8381,2019-07-14,20190714,194.0,801,8381,8,0,1,8,3,8,1
1,2019-07-14,154,8740,2019-07-14,20190714,194.0,154,8740,1,5,4,8,7,4,0
0,2019-07-15,190,5118,2019-07-15,20190715,195.0,190,5118,1,9,0,5,1,1,8
1,2019-07-15,769,4253,2019-07-15,20190715,195.0,769,4253,7,6,9,4,2,5,3
0,2019-07-16,198,7848,2019-07-16,20190716,196.0,198,7848,1,9,8,7,8,4,8
1,2019-07-16,345,1062,2019-07-16,20190716,196.0,345,1062,3,4,5,1,0,6,2
0,2019-07-17,282,1055,2019-07-17,20190717,197.0,282,1055,2,8,2,1,0,5,5
1,2019-07-17,214,7883,2019-07-17,20190717,197.0,214,7883,2,1,4,7,8,8,3
1,2019-07-18,708,6798,2019-07-18,20190718,198.0,708,6798,7,0,8,6,7,9,8
0,2019-07-18,269,5806,2019-07-18,20190718,198.0,269,5806,2,6,9,5,8,0,6
0,2019-07-19,113,512,2019-07-19,20190719,199.0,113,0512,1,1,3,0,5,1,2
1,2019-07-19,70,7521,2019-07-19,20190719,199.0,070,7521,0,7,0,7,5,2,1
0,2019-07-20,711,5768,2019-07-20,20190720,200.0,711,5768,7,1,1,5,7,6,8
1,2019-07-20,832,6293,2019-07-20,20190720,200.0,832,6293,8,3,2,6,2,9,3
0,2019-07-21,876,138,2019-07-21,20190721,201.0,876,0138,8,7,6,0,1,3,8
1,2019-07-21,621,7445,2019-07-21,20190721,201.0,621,7445,6,2,1,7,4,4,5
0,2019-07-22,218,1649,2019-07-22,20190722,202.0,218,1649,2,1,8,1,6,4,9
1,2019-07-22,127,2851,2019-07-22,20190722,202.0,127,2851,1,2,7,2,8,5,1
0,2019-07-23,891,1074,2019-07-23,20190723,203.0,891,1074,8,9,1,1,0,7,4
1,2019-07-23,198,5858,2019-07-23,20190723,203.0,198,5858,1,9,8,5,8,5,8
1,2019-07-24,447,3960,2019-07-24,20190724,204.0,447,3960,4,4,7,3,9,6,0
0,2019-07-24,589,8264,2019-07-24,20190724,204.0,589,8264,5,8,9,8,2,6,4
0,2019-07-25,241,9170,2019-07-25,20190725,205.0,241,9170,2,4,1,9,1,7,0
1,2019-07-25,964,1075,2019-07-25,20190725,205.0,964,1075,9,6,4,1,0,7,5
0,2019-07-26,947,6444,2019-07-26,20190726,206.0,947,6444,9,4,7,6,4,4,4
1,2019-07-26,240,1536,2019-07-26,20190726,206.0,240,1536,2,4,0,1,5,3,6
0,2019-07-27,983,8884,2019-07-27,20190727,207.0,983,8884,9,8,3,8,8,8,4
1,2019-07-27,510,6181,2019-07-27,20190727,207.0,510,6181,5,1,0,6,1,8,1
0,2019-07-28,142,6273,2019-07-28,20190728,208.0,142,6273,1,4,2,6,2,7,3
1,2019-07-28,83,9833,2019-07-28,20190728,208.0,083,9833,0,8,3,9,8,3,3
1,2019-07-29,673,6318,2019-07-29,20190729,209.0,673,6318,6,7,3,6,3,1,8
0,2019-07-29,369,7785,2019-07-29,20190729,209.0,369,7785,3,6,9,7,7,8,5
0,2019-07-30,546,5093,2019-07-30,20190730,210.0,546,5093,5,4,6,5,0,9,3
1,2019-07-30,431,2453,2019-07-30,20190730,210.0,431,2453,4,3,1,2,4,5,3
0,2019-07-31,342,5966,2019-07-31,20190731,211.0,342,5966,3,4,2,5,9,6,6
1,2019-07-31,397,9502,2019-07-31,20190731,211.0,397,9502,3,9,7,9,5,0,2
0,2019-08-01,125,3373,2019-08-01,20190801,212.0,125,3373,1,2,5,3,3,7,3
1,2019-08-01,254,2800,2019-08-01,20190801,212.0,254,2800,2,5,4,2,8,0,0
0,2019-08-02,279,2653,2019-08-02,20190802,213.0,279,2653,2,7,9,2,6,5,3
1,2019-08-02,493,9289,2019-08-02,20190802,213.0,493,9289,4,9,3,9,2,8,9
1,2019-08-03,189,7660,2019-08-03,20190803,214.0,189,7660,1,8,9,7,6,6,0
0,2019-08-03,986,2919,2019-08-03,20190803,214.0,986,2919,9,8,6,2,9,1,9
1,2019-08-04,785,2094,2019-08-04,20190804,215.0,785,2094,7,8,5,2,0,9,4
0,2019-08-04,382,7382,2019-08-04,20190804,215.0,382,7382,3,8,2,7,3,8,2
0,2019-08-05,46,4591,2019-08-05,20190805,216.0,046,4591,0,4,6,4,5,9,1
1,2019-08-05,342,804,2019-08-05,20190805,216.0,342,0804,3,4,2,0,8,0,4
0,2019-08-06,738,1975,2019-08-06,20190806,217.0,738,1975,7,3,8,1,9,7,5
1,2019-08-06,817,2355,2019-08-06,20190806,217.0,817,2355,8,1,7,2,3,5,5
0,2019-08-07,430,691,2019-08-07,20190807,218.0,430,0691,4,3,0,0,6,9,1
1,2019-08-07,173,3110,2019-08-07,20190807,218.0,173,3110,1,7,3,3,1,1,0
0,2019-08-08,392,9340,2019-08-08,20190808,219.0,392,9340,3,9,2,9,3,4,0
1,2019-08-08,156,2788,2019-08-08,20190808,219.0,156,2788,1,5,6,2,7,8,8
1,2019-08-09,818,4286,2019-08-09,20190809,220.0,818,4286,8,1,8,4,2,8,6
0,2019-08-09,448,647,2019-08-09,20190809,220.0,448,0647,4,4,8,0,6,4,7
0,2019-08-10,130,3108,2019-08-10,20190810,221.0,130,3108,1,3,0,3,1,0,8
1,2019-08-10,270,1610,2019-08-10,20190810,221.0,270,1610,2,7,0,1,6,1,0
0,2019-08-11,926,8288,2019-08-11,20190811,222.0,926,8288,9,2,6,8,2,8,8
1,2019-08-11,896,1983,2019-08-11,20190811,222.0,896,1983,8,9,6,1,9,8,3
0,2019-08-12,905,2086,2019-08-12,20190812,223.0,905,2086,9,0,5,2,0,8,6
1,2019-08-12,111,8527,2019-08-12,20190812,223.0,111,8527,1,1,1,8,5,2,7
0,2019-08-13,704,59,2019-08-13,20190813,224.0,704,0059,7,0,4,0,0,5,9
1,2019-08-13,949,4839,2019-08-13,20190813,224.0,949,4839,9,4,9,4,8,3,9
0,2019-08-14,912,6514,2019-08-14,20190814,225.0,912,6514,9,1,2,6,5,1,4
1,2019-08-14,107,4269,2019-08-14,20190814,225.0,107,4269,1,0,7,4,2,6,9
0,2019-08-15,261,9191,2019-08-15,20190815,226.0,261,9191,2,6,1,9,1,9,1
1,2019-08-15,509,9515,2019-08-15,20190815,226.0,509,9515,5,0,9,9,5,1,5
1,2019-08-16,290,6336,2019-08-16,20190816,227.0,290,6336,2,9,0,6,3,3,6
0,2019-08-16,823,5771,2019-08-16,20190816,227.0,823,5771,8,2,3,5,7,7,1
0,2019-08-17,499,4770,2019-08-17,20190817,228.0,499,4770,4,9,9,4,7,7,0
1,2019-08-17,143,2605,2019-08-17,20190817,228.0,143,2605,1,4,3,2,6,0,5
0,2019-08-18,585,3158,2019-08-18,20190818,229.0,585,3158,5,8,5,3,1,5,8
1,2019-08-18,485,5965,2019-08-18,20190818,229.0,485,5965,4,8,5,5,9,6,5
0,2019-08-19,960,5852,2019-08-19,20190819,230.0,960,5852,9,6,0,5,8,5,2
1,2019-08-19,475,4617,2019-08-19,20190819,230.0,475,4617,4,7,5,4,6,1,7
0,2019-08-20,51,4682,2019-08-20,20190820,231.0,051,4682,0,5,1,4,6,8,2
1,2019-08-20,3,1168,2019-08-20,20190820,231.0,003,1168,0,0,3,1,1,6,8
1,2019-08-21,679,9533,2019-08-21,20190821,232.0,679,9533,6,7,9,9,5,3,3
0,2019-08-21,325,531,2019-08-21,20190821,232.0,325,0531,3,2,5,0,5,3,1
0,2019-08-22,658,8340,2019-08-22,20190822,233.0,658,8340,6,5,8,8,3,4,0
1,2019-08-22,789,8365,2019-08-22,20190822,233.0,789,8365,7,8,9,8,3,6,5
0,2019-08-23,604,5578,2019-08-23,20190823,234.0,604,5578,6,0,4,5,5,7,8
1,2019-08-23,329,5875,2019-08-23,20190823,234.0,329,5875,3,2,9,5,8,7,5
0,2019-08-24,222,9205,2019-08-24,20190824,235.0,222,9205,2,2,2,9,2,0,5
1,2019-08-24,385,7545,2019-08-24,20190824,235.0,385,7545,3,8,5,7,5,4,5
0,2019-08-25,715,8332,2019-08-25,20190825,236.0,715,8332,7,1,5,8,3,3,2
1,2019-08-25,285,8309,2019-08-25,20190825,236.0,285,8309,2,8,5,8,3,0,9
0,2019-08-26,351,4346,2019-08-26,20190826,237.0,351,4346,3,5,1,4,3,4,6
1,2019-08-26,426,1187,2019-08-26,20190826,237.0,426,1187,4,2,6,1,1,8,7
1,2019-08-27,854,9085,2019-08-27,20190827,238.0,854,9085,8,5,4,9,0,8,5
0,2019-08-27,10,5461,2019-08-27,20190827,238.0,010,5461,0,1,0,5,4,6,1
0,2019-08-28,510,1974,2019-08-28,20190828,239.0,510,1974,5,1,0,1,9,7,4
1,2019-08-28,52,2025,2019-08-28,20190828,239.0,052,2025,0,5,2,2,0,2,5
0,2019-08-29,455,2251,2019-08-29,20190829,240.0,455,2251,4,5,5,2,2,5,1
1,2019-08-29,954,4987,2019-08-29,20190829,240.0,954,4987,9,5,4,4,9,8,7
0,2019-08-30,84,3252,2019-08-30,20190830,241.0,084,3252,0,8,4,3,2,5,2
1,2019-08-30,793,4501,2019-08-30,20190830,241.0,793,4501,7,9,3,4,5,0,1
0,2019-08-31,956,7103,2019-08-31,20190831,242.0,956,7103,9,5,6,7,1,0,3
1,2019-08-31,76,5546,2019-08-31,20190831,242.0,076,5546,0,7,6,5,5,4,6
1,2019-09-01,4,6857,2019-09-01,20190901,243.0,004,6857,0,0,4,6,8,5,7
0,2019-09-01,790,2192,2019-09-01,20190901,243.0,790,2192,7,9,0,2,1,9,2
1,2019-09-02,722,5815,2019-09-02,20190902,244.0,722,5815,7,2,2,5,8,1,5
0,2019-09-02,212,8208,2019-09-02,20190902,244.0,212,8208,2,1,2,8,2,0,8
0,2019-09-03,716,1490,2019-09-03,20190903,245.0,716,1490,7,1,6,1,4,9,0
1,2019-09-03,120,7154,2019-09-03,20190903,245.0,120,7154,1,2,0,7,1,5,4
0,2019-09-04,362,8533,2019-09-04,20190904,246.0,362,8533,3,6,2,8,5,3,3
1,2019-09-04,988,7328,2019-09-04,20190904,246.0,988,7328,9,8,8,7,3,2,8
0,2019-09-05,448,5002,2019-09-05,20190905,247.0,448,5002,4,4,8,5,0,0,2
1,2019-09-05,210,4618,2019-09-05,20190905,247.0,210,4618,2,1,0,4,6,1,8
0,2019-09-06,76,675,2019-09-06,20190906,248.0,076,0675,0,7,6,0,6,7,5
1,2019-09-06,785,5560,2019-09-06,20190906,248.0,785,5560,7,8,5,5,5,6,0
1,2019-09-07,146,2597,2019-09-07,20190907,249.0,146,2597,1,4,6,2,5,9,7
0,2019-09-07,6,7733,2019-09-07,20190907,249.0,006,7733,0,0,6,7,7,3,3
1,2019-09-08,406,5200,2019-09-08,20190908,250.0,406,5200,4,0,6,5,2,0,0
0,2019-09-08,820,1736,2019-09-08,20190908,250.0,820,1736,8,2,0,1,7,3,6
0,2019-09-09,855,163,2019-09-09,20190909,251.0,855,0163,8,5,5,0,1,6,3
1,2019-09-09,362,4228,2019-09-09,20190909,251.0,362,4228,3,6,2,4,2,2,8
0,2019-09-10,663,8779,2019-09-10,20190910,252.0,663,8779,6,6,3,8,7,7,9
1,2019-09-10,66,2856,2019-09-10,20190910,252.0,066,2856,0,6,6,2,8,5,6
0,2019-09-11,216,5337,2019-09-11,20190911,253.0,216,5337,2,1,6,5,3,3,7
1,2019-09-11,41,1465,2019-09-11,20190911,253.0,041,1465,0,4,1,1,4,6,5
0,2019-09-12,190,8419,2019-09-12,20190912,254.0,190,8419,1,9,0,8,4,1,9
1,2019-09-12,151,9931,2019-09-12,20190912,254.0,151,9931,1,5,1,9,9,3,1
0,2019-09-13,900,8240,2019-09-13,20190913,255.0,900,8240,9,0,0,8,2,4,0
1,2019-09-13,497,1000,2019-09-13,20190913,255.0,497,1000,4,9,7,1,0,0,0
1,2019-09-14,154,6941,2019-09-14,20190914,256.0,154,6941,1,5,4,6,9,4,1
0,2019-09-14,579,8274,2019-09-14,20190914,256.0,579,8274,5,7,9,8,2,7,4
0,2019-09-15,801,7076,2019-09-15,20190915,257.0,801,7076,8,0,1,7,0,7,6
1,2019-09-15,742,3324,2019-09-15,20190915,257.0,742,3324,7,4,2,3,3,2,4
0,2019-09-16,191,6827,2019-09-16,20190916,258.0,191,6827,1,9,1,6,8,2,7
1,2019-09-16,536,9728,2019-09-16,20190916,258.0,536,9728,5,3,6,9,7,2,8
0,2019-09-17,947,9394,2019-09-17,20190917,259.0,947,9394,9,4,7,9,3,9,4
1,2019-09-17,882,1339,2019-09-17,20190917,259.0,882,1339,8,8,2,1,3,3,9
0,2019-09-18,325,6402,2019-09-18,20190918,260.0,325,6402,3,2,5,6,4,0,2
1,2019-09-18,985,1237,2019-09-18,20190918,260.0,985,1237,9,8,5,1,2,3,7
1,2019-09-19,150,8558,2019-09-19,20190919,261.0,150,8558,1,5,0,8,5,5,8
0,2019-09-19,390,9992,2019-09-19,20190919,261.0,390,9992,3,9,0,9,9,9,2
0,2019-09-20,507,882,2019-09-20,20190920,262.0,507,0882,5,0,7,0,8,8,2
1,2019-09-20,831,275,2019-09-20,20190920,262.0,831,0275,8,3,1,0,2,7,5
0,2019-09-21,50,9088,2019-09-21,20190921,263.0,050,9088,0,5,0,9,0,8,8
1,2019-09-21,618,9237,2019-09-21,20190921,263.0,618,9237,6,1,8,9,2,3,7
0,2019-09-22,591,5723,2019-09-22,20190922,264.0,591,5723,5,9,1,5,7,2,3
1,2019-09-22,968,1662,2019-09-22,20190922,264.0,968,1662,9,6,8,1,6,6,2
0,2019-09-23,0,201,2019-09-23,20190923,265.0,000,0201,0,0,0,0,2,0,1
1,2019-09-23,531,5317,2019-09-23,20190923,265.0,531,5317,5,3,1,5,3,1,7
1,2019-09-24,607,8560,2019-09-24,20190924,266.0,607,8560,6,0,7,8,5,6,0
0,2019-09-24,908,647,2019-09-24,20190924,266.0,908,0647,9,0,8,0,6,4,7
0,2019-09-25,48,7635,2019-09-25,20190925,267.0,048,7635,0,4,8,7,6,3,5
1,2019-09-25,901,3525,2019-09-25,20190925,267.0,901,3525,9,0,1,3,5,2,5
0,2019-09-26,103,8165,2019-09-26,20190926,268.0,103,8165,1,0,3,8,1,6,5
1,2019-09-26,272,5057,2019-09-26,20190926,268.0,272,5057,2,7,2,5,0,5,7
0,2019-09-27,434,8084,2019-09-27,20190927,269.0,434,8084,4,3,4,8,0,8,4
1,2019-09-27,891,5620,2019-09-27,20190927,269.0,891,5620,8,9,1,5,6,2,0
0,2019-09-28,688,3427,2019-09-28,20190928,270.0,688,3427,6,8,8,3,4,2,7
1,2019-09-28,624,8039,2019-09-28,20190928,270.0,624,8039,6,2,4,8,0,3,9
0,2019-09-29,469,5652,2019-09-29,20190929,271.0,469,5652,4,6,9,5,6,5,2
1,2019-09-29,832,8683,2019-09-29,20190929,271.0,832,8683,8,3,2,8,6,8,3
0,2019-09-30,577,8120,2019-09-30,20190930,272.0,577,8120,5,7,7,8,1,2,0
1,2019-09-30,185,3396,2019-09-30,20190930,272.0,185,3396,1,8,5,3,3,9,6
1,2019-10-01,127,3156,2019-10-01,20191001,273.0,127,3156,1,2,7,3,1,5,6
0,2019-10-01,513,1349,2019-10-01,20191001,273.0,513,1349,5,1,3,1,3,4,9
0,2019-10-02,675,3680,2019-10-02,20191002,274.0,675,3680,6,7,5,3,6,8,0
1,2019-10-02,477,1446,2019-10-02,20191002,274.0,477,1446,4,7,7,1,4,4,6
0,2019-10-03,87,4229,2019-10-03,20191003,275.0,087,4229,0,8,7,4,2,2,9
1,2019-10-03,444,9417,2019-10-03,20191003,275.0,444,9417,4,4,4,9,4,1,7
0,2019-10-04,360,1507,2019-10-04,20191004,276.0,360,1507,3,6,0,1,5,0,7
1,2019-10-04,895,3110,2019-10-04,20191004,276.0,895,3110,8,9,5,3,1,1,0
0,2019-10-05,609,4465,2019-10-05,20191005,277.0,609,4465,6,0,9,4,4,6,5
1,2019-10-05,354,8195,2019-10-05,20191005,277.0,354,8195,3,5,4,8,1,9,5
1,2019-10-06,104,7181,2019-10-06,20191006,278.0,104,7181,1,0,4,7,1,8,1
0,2019-10-06,20,8503,2019-10-06,20191006,278.0,020,8503,0,2,0,8,5,0,3
0,2019-10-07,669,3163,2019-10-07,20191007,279.0,669,3163,6,6,9,3,1,6,3
1,2019-10-07,664,5671,2019-10-07,20191007,279.0,664,5671,6,6,4,5,6,7,1
0,2019-10-08,629,8283,2019-10-08,20191008,280.0,629,8283,6,2,9,8,2,8,3
1,2019-10-08,584,1174,2019-10-08,20191008,280.0,584,1174,5,8,4,1,1,7,4
0,2019-10-09,528,6719,2019-10-09,20191009,281.0,528,6719,5,2,8,6,7,1,9
1,2019-10-09,810,1341,2019-10-09,20191009,281.0,810,1341,8,1,0,1,3,4,1
0,2019-10-10,235,1452,2019-10-10,20191010,282.0,235,1452,2,3,5,1,4,5,2
1,2019-10-10,62,1435,2019-10-10,20191010,282.0,062,1435,0,6,2,1,4,3,5
0,2019-10-11,820,5925,2019-10-11,20191011,283.0,820,5925,8,2,0,5,9,2,5
1,2019-10-11,627,2228,2019-10-11,20191011,283.0,627,2228,6,2,7,2,2,2,8
1,2019-10-12,935,670,2019-10-12,20191012,284.0,935,0670,9,3,5,0,6,7,0
0,2019-10-12,853,3211,2019-10-12,20191012,284.0,853,3211,8,5,3,3,2,1,1
0,2019-10-13,593,5051,2019-10-13,20191013,285.0,593,5051,5,9,3,5,0,5,1
1,2019-10-13,519,476,2019-10-13,20191013,285.0,519,0476,5,1,9,0,4,7,6
0,2019-10-14,290,6378,2019-10-14,20191014,286.0,290,6378,2,9,0,6,3,7,8
1,2019-10-14,168,5775,2019-10-14,20191014,286.0,168,5775,1,6,8,5,7,7,5
0,2019-10-15,716,8939,2019-10-15,20191015,287.0,716,8939,7,1,6,8,9,3,9
1,2019-10-15,656,4810,2019-10-15,20191015,287.0,656,4810,6,5,6,4,8,1,0
0,2019-10-16,695,601,2019-10-16,20191016,288.0,695,0601,6,9,5,0,6,0,1
1,2019-10-16,360,7640,2019-10-16,20191016,288.0,360,7640,3,6,0,7,6,4,0
1,2019-10-17,144,2218,2019-10-17,20191017,289.0,144,2218,1,4,4,2,2,1,8
0,2019-10-17,519,7674,2019-10-17,20191017,289.0,519,7674,5,1,9,7,6,7,4
1,2019-10-18,711,9891,2019-10-18,20191018,290.0,711,9891,7,1,1,9,8,9,1
0,2019-10-18,638,424,2019-10-18,20191018,290.0,638,0424,6,3,8,0,4,2,4
0,2019-10-19,87,5523,2019-10-19,20191019,291.0,087,5523,0,8,7,5,5,2,3
1,2019-10-19,812,7278,2019-10-19,20191019,291.0,812,7278,8,1,2,7,2,7,8
0,2019-10-20,444,5660,2019-10-20,20191020,292.0,444,5660,4,4,4,5,6,6,0
1,2019-10-20,895,4416,2019-10-20,20191020,292.0,895,4416,8,9,5,4,4,1,6
0,2019-10-21,41,9951,2019-10-21,20191021,293.0,041,9951,0,4,1,9,9,5,1
1,2019-10-21,381,7499,2019-10-21,20191021,293.0,381,7499,3,8,1,7,4,9,9
0,2019-10-22,500,7084,2019-10-22,20191022,294.0,500,7084,5,0,0,7,0,8,4
1,2019-10-22,984,7995,2019-10-22,20191022,294.0,984,7995,9,8,4,7,9,9,5
1,2019-10-23,663,961,2019-10-23,20191023,295.0,663,0961,6,6,3,0,9,6,1
0,2019-10-23,787,6653,2019-10-23,20191023,295.0,787,6653,7,8,7,6,6,5,3
1,2019-10-24,151,9308,2019-10-24,20191024,296.0,151,9308,1,5,1,9,3,0,8
0,2019-10-24,260,2356,2019-10-24,20191024,296.0,260,2356,2,6,0,2,3,5,6
0,2019-10-25,920,3927,2019-10-25,20191025,297.0,920,3927,9,2,0,3,9,2,7
1,2019-10-25,630,9234,2019-10-25,20191025,297.0,630,9234,6,3,0,9,2,3,4
0,2019-10-26,104,3698,2019-10-26,20191026,298.0,104,3698,1,0,4,3,6,9,8
1,2019-10-26,561,1372,2019-10-26,20191026,298.0,561,1372,5,6,1,1,3,7,2
0,2019-10-27,777,6272,2019-10-27,20191027,299.0,777,6272,7,7,7,6,2,7,2
1,2019-10-27,716,6677,2019-10-27,20191027,299.0,716,6677,7,1,6,6,6,7,7
0,2019-10-28,852,9836,2019-10-28,20191028,300.0,852,9836,8,5,2,9,8,3,6
1,2019-10-28,910,1819,2019-10-28,20191028,300.0,910,1819,9,1,0,1,8,1,9
0,2019-10-29,221,9915,2019-10-29,20191029,301.0,221,9915,2,2,1,9,9,1,5
1,2019-10-29,204,1345,2019-10-29,20191029,301.0,204,1345,2,0,4,1,3,4,5
1,2019-10-30,944,9178,2019-10-30,20191030,302.0,944,9178,9,4,4,9,1,7,8
0,2019-10-30,600,5438,2019-10-30,20191030,302.0,600,5438,6,0,0,5,4,3,8
0,2019-10-31,90,9799,2019-10-31,20191031,303.0,090,9799,0,9,0,9,7,9,9
1,2019-10-31,931,2202,2019-10-31,20191031,303.0,931,2202,9,3,1,2,2,0,2
0,2019-11-01,908,9240,2019-11-01,20191101,304.0,908,9240,9,0,8,9,2,4,0
1,2019-11-01,978,361,2019-11-01,20191101,304.0,978,0361,9,7,8,0,3,6,1
0,2019-11-02,201,9924,2019-11-02,20191102,305.0,201,9924,2,0,1,9,9,2,4
1,2019-11-02,65,2657,2019-11-02,20191102,305.0,065,2657,0,6,5,2,6,5,7
0,2019-11-03,115,6090,2019-11-03,20191103,306.0,115,6090,1,1,5,6,0,9,0
1,2019-11-03,837,2772,2019-11-03,20191103,306.0,837,2772,8,3,7,2,7,7,2
1,2019-11-04,614,1086,2019-11-04,20191104,307.0,614,1086,6,1,4,1,0,8,6
0,2019-11-04,597,6063,2019-11-04,20191104,307.0,597,6063,5,9,7,6,0,6,3
1,2019-11-05,206,5243,2019-11-05,20191105,308.0,206,5243,2,0,6,5,2,4,3
0,2019-11-05,581,6491,2019-11-05,20191105,308.0,581,6491,5,8,1,6,4,9,1
0,2019-11-06,942,5410,2019-11-06,20191106,309.0,942,5410,9,4,2,5,4,1,0
1,2019-11-06,654,5754,2019-11-06,20191106,309.0,654,5754,6,5,4,5,7,5,4
0,2019-11-07,575,438,2019-11-07,20191107,310.0,575,0438,5,7,5,0,4,3,8
1,2019-11-07,376,4288,2019-11-07,20191107,310.0,376,4288,3,7,6,4,2,8,8
0,2019-11-08,698,4652,2019-11-08,20191108,311.0,698,4652,6,9,8,4,6,5,2
1,2019-11-08,322,4077,2019-11-08,20191108,311.0,322,4077,3,2,2,4,0,7,7
0,2019-11-09,293,7149,2019-11-09,20191109,312.0,293,7149,2,9,3,7,1,4,9
1,2019-11-09,421,9406,2019-11-09,20191109,312.0,421,9406,4,2,1,9,4,0,6
0,2019-11-10,612,8694,2019-11-10,20191110,313.0,612,8694,6,1,2,8,6,9,4
1,2019-11-10,368,9416,2019-11-10,20191110,313.0,368,9416,3,6,8,9,4,1,6
1,2019-11-11,45,3388,2019-11-11,20191111,314.0,045,3388,0,4,5,3,3,8,8
0,2019-11-11,211,644,2019-11-11,20191111,314.0,211,0644,2,1,1,0,6,4,4
0,2019-11-12,128,7613,2019-11-12,20191112,315.0,128,7613,1,2,8,7,6,1,3
1,2019-11-12,376,7801,2019-11-12,20191112,315.0,376,7801,3,7,6,7,8,0,1
0,2019-11-13,261,7770,2019-11-13,20191113,316.0,261,7770,2,6,1,7,7,7,0
1,2019-11-13,135,8753,2019-11-13,20191113,316.0,135,8753,1,3,5,8,7,5,3
0,2019-11-14,581,1346,2019-11-14,20191114,317.0,581,1346,5,8,1,1,3,4,6
1,2019-11-14,243,3941,2019-11-14,20191114,317.0,243,3941,2,4,3,3,9,4,1
0,2019-11-15,13,8220,2019-11-15,20191115,318.0,013,8220,0,1,3,8,2,2,0
1,2019-11-15,531,3332,2019-11-15,20191115,318.0,531,3332,5,3,1,3,3,3,2
1,2019-11-16,136,7510,2019-11-16,20191116,319.0,136,7510,1,3,6,7,5,1,0
0,2019-11-16,440,8396,2019-11-16,20191116,319.0,440,8396,4,4,0,8,3,9,6
0,2019-11-17,736,5284,2019-11-17,20191117,320.0,736,5284,7,3,6,5,2,8,4
1,2019-11-17,380,5797,2019-11-17,20191117,320.0,380,5797,3,8,0,5,7,9,7
0,2019-11-18,443,1605,2019-11-18,20191118,321.0,443,1605,4,4,3,1,6,0,5
1,2019-11-18,330,1440,2019-11-18,20191118,321.0,330,1440,3,3,0,1,4,4,0
0,2019-11-19,630,2248,2019-11-19,20191119,322.0,630,2248,6,3,0,2,2,4,8
1,2019-11-19,437,3312,2019-11-19,20191119,322.0,437,3312,4,3,7,3,3,1,2
0,2019-11-20,779,6123,2019-11-20,20191120,323.0,779,6123,7,7,9,6,1,2,3
1,2019-11-20,546,2512,2019-11-20,20191120,323.0,546,2512,5,4,6,2,5,1,2
0,2019-11-21,904,1031,2019-11-21,20191121,324.0,904,1031,9,0,4,1,0,3,1
1,2019-11-21,361,6603,2019-11-21,20191121,324.0,361,6603,3,6,1,6,6,0,3
1,2019-11-22,17,2917,2019-11-22,20191122,325.0,017,2917,0,1,7,2,9,1,7
0,2019-11-22,375,854,2019-11-22,20191122,325.0,375,0854,3,7,5,0,8,5,4
0,2019-11-23,328,5110,2019-11-23,20191123,326.0,328,5110,3,2,8,5,1,1,0
1,2019-11-23,790,9637,2019-11-23,20191123,326.0,790,9637,7,9,0,9,6,3,7
0,2019-11-24,167,9689,2019-11-24,20191124,327.0,167,9689,1,6,7,9,6,8,9
1,2019-11-24,568,2830,2019-11-24,20191124,327.0,568,2830,5,6,8,2,8,3,0
0,2019-11-25,904,2367,2019-11-25,20191125,328.0,904,2367,9,0,4,2,3,6,7
1,2019-11-25,971,9159,2019-11-25,20191125,328.0,971,9159,9,7,1,9,1,5,9
0,2019-11-26,948,4055,2019-11-26,20191126,329.0,948,4055,9,4,8,4,0,5,5
1,2019-11-26,775,138,2019-11-26,20191126,329.0,775,0138,7,7,5,0,1,3,8
1,2019-11-27,114,85,2019-11-27,20191127,330.0,114,0085,1,1,4,0,0,8,5
0,2019-11-27,33,361,2019-11-27,20191127,330.0,033,0361,0,3,3,0,3,6,1
0,2019-11-28,48,9106,2019-11-28,20191128,331.0,048,9106,0,4,8,9,1,0,6
1,2019-11-28,189,6395,2019-11-28,20191128,331.0,189,6395,1,8,9,6,3,9,5
0,2019-11-29,376,5190,2019-11-29,20191129,332.0,376,5190,3,7,6,5,1,9,0
1,2019-11-29,811,433,2019-11-29,20191129,332.0,811,0433,8,1,1,0,4,3,3
0,2019-11-30,222,898,2019-11-30,20191130,333.0,222,0898,2,2,2,0,8,9,8
1,2019-11-30,686,3234,2019-11-30,20191130,333.0,686,3234,6,8,6,3,2,3,4
0,2019-12-01,111,4850,2019-12-01,20191201,334.0,111,4850,1,1,1,4,8,5,0
1,2019-12-01,643,2270,2019-12-01,20191201,334.0,643,2270,6,4,3,2,2,7,0
1,2019-12-02,874,1001,2019-12-02,20191202,335.0,874,1001,8,7,4,1,0,0,1
0,2019-12-02,984,3643,2019-12-02,20191202,335.0,984,3643,9,8,4,3,6,4,3
0,2019-12-03,810,7514,2019-12-03,20191203,336.0,810,7514,8,1,0,7,5,1,4
1,2019-12-03,101,6516,2019-12-03,20191203,336.0,101,6516,1,0,1,6,5,1,6
0,2019-12-04,804,2327,2019-12-04,20191204,337.0,804,2327,8,0,4,2,3,2,7
1,2019-12-04,701,6139,2019-12-04,20191204,337.0,701,6139,7,0,1,6,1,3,9
0,2019-12-05,781,6923,2019-12-05,20191205,338.0,781,6923,7,8,1,6,9,2,3
1,2019-12-05,661,3799,2019-12-05,20191205,338.0,661,3799,6,6,1,3,7,9,9
0,2019-12-06,616,2441,2019-12-06,20191206,339.0,616,2441,6,1,6,2,4,4,1
1,2019-12-06,452,3520,2019-12-06,20191206,339.0,452,3520,4,5,2,3,5,2,0
0,2019-12-07,425,1011,2019-12-07,20191207,340.0,425,1011,4,2,5,1,0,1,1
1,2019-12-07,20,2540,2019-12-07,20191207,340.0,020,2540,0,2,0,2,5,4,0
1,2019-12-08,117,2375,2019-12-08,20191208,341.0,117,2375,1,1,7,2,3,7,5
0,2019-12-08,879,1520,2019-12-08,20191208,341.0,879,1520,8,7,9,1,5,2,0
0,2019-12-09,813,9271,2019-12-09,20191209,342.0,813,9271,8,1,3,9,2,7,1
1,2019-12-09,31,1200,2019-12-09,20191209,342.0,031,1200,0,3,1,1,2,0,0
0,2019-12-10,394,4556,2019-12-10,20191210,343.0,394,4556,3,9,4,4,5,5,6
1,2019-12-10,525,1007,2019-12-10,20191210,343.0,525,1007,5,2,5,1,0,0,7
0,2019-12-11,280,9124,2019-12-11,20191211,344.0,280,9124,2,8,0,9,1,2,4
1,2019-12-11,550,8151,2019-12-11,20191211,344.0,550,8151,5,5,0,8,1,5,1
0,2019-12-12,642,8225,2019-12-12,20191212,345.0,642,8225,6,4,2,8,2,2,5
1,2019-12-12,812,207,2019-12-12,20191212,345.0,812,0207,8,1,2,0,2,0,7
1,2019-12-13,488,2209,2019-12-13,20191213,346.0,488,2209,4,8,8,2,2,0,9
0,2019-12-13,472,5387,2019-12-13,20191213,346.0,472,5387,4,7,2,5,3,8,7
0,2019-12-14,988,8288,2019-12-14,20191214,347.0,988,8288,9,8,8,8,2,8,8
1,2019-12-14,125,3400,2019-12-14,20191214,347.0,125,3400,1,2,5,3,4,0,0
0,2019-12-15,254,3155,2019-12-15,20191215,348.0,254,3155,2,5,4,3,1,5,5
1,2019-12-15,363,9203,2019-12-15,20191215,348.0,363,9203,3,6,3,9,2,0,3
0,2019-12-16,273,466,2019-12-16,20191216,349.0,273,0466,2,7,3,0,4,6,6
1,2019-12-16,108,3311,2019-12-16,20191216,349.0,108,3311,1,0,8,3,3,1,1
0,2019-12-17,991,1068,2019-12-17,20191217,350.0,991,1068,9,9,1,1,0,6,8
1,2019-12-17,592,2114,2019-12-17,20191217,350.0,592,2114,5,9,2,2,1,1,4
1,2019-12-18,793,4947,2019-12-18,20191218,351.0,793,4947,7,9,3,4,9,4,7
0,2019-12-18,906,4439,2019-12-18,20191218,351.0,906,4439,9,0,6,4,4,3,9
1,2019-12-19,350,5448,2019-12-19,20191219,352.0,350,5448,3,5,0,5,4,4,8
0,2019-12-19,854,9292,2019-12-19,20191219,352.0,854,9292,8,5,4,9,2,9,2
0,2019-12-20,750,3092,2019-12-20,20191220,353.0,750,3092,7,5,0,3,0,9,2
1,2019-12-20,605,9070,2019-12-20,20191220,353.0,605,9070,6,0,5,9,0,7,0
0,2019-12-21,642,5554,2019-12-21,20191221,354.0,642,5554,6,4,2,5,5,5,4
1,2019-12-21,74,9281,2019-12-21,20191221,354.0,074,9281,0,7,4,9,2,8,1
0,2019-12-22,76,4395,2019-12-22,20191222,355.0,076,4395,0,7,6,4,3,9,5
1,2019-12-22,988,8807,2019-12-22,20191222,355.0,988,8807,9,8,8,8,8,0,7
0,2019-12-23,422,3925,2019-12-23,20191223,356.0,422,3925,4,2,2,3,9,2,5
1,2019-12-23,83,4906,2019-12-23,20191223,356.0,083,4906,0,8,3,4,9,0,6
1,2019-12-24,176,2343,2019-12-24,20191224,357.0,176,2343,1,7,6,2,3,4,3
0,2019-12-24,821,5564,2019-12-24,20191224,357.0,821,5564,8,2,1,5,5,6,4
0,2019-12-25,720,5628,2019-12-25,20191225,358.0,720,5628,7,2,0,5,6,2,8
1,2019-12-25,813,2862,2019-12-25,20191225,358.0,813,2862,8,1,3,2,8,6,2
0,2019-12-26,130,3712,2019-12-26,20191226,359.0,130,3712,1,3,0,3,7,1,2
1,2019-12-26,658,9364,2019-12-26,20191226,359.0,658,9364,6,5,8,9,3,6,4
0,2019-12-27,867,4949,2019-12-27,20191227,360.0,867,4949,8,6,7,4,9,4,9
1,2019-12-27,76,881,2019-12-27,20191227,360.0,076,0881,0,7,6,0,8,8,1
0,2019-12-28,785,6490,2019-12-28,20191228,361.0,785,6490,7,8,5,6,4,9,0
1,2019-12-28,111,1776,2019-12-28,20191228,361.0,111,1776,1,1,1,1,7,7,6
0,2019-12-29,172,9522,2019-12-29,20191229,362.0,172,9522,1,7,2,9,5,2,2
1,2019-12-29,219,4498,2019-12-29,20191229,362.0,219,4498,2,1,9,4,4,9,8
0,2019-12-30,354,5378,2019-12-30,20191230,363.0,354,5378,3,5,4,5,3,7,8
1,2019-12-30,655,4842,2019-12-30,20191230,363.0,655,4842,6,5,5,4,8,4,2
0,2019-12-31,699,7952,2019-12-31,20191231,364.0,699,7952,6,9,9,7,9,5,2
1,2019-12-31,257,1734,2019-12-31,20191231,364.0,257,1734,2,5,7,1,7,3,4
