Ball1,Ball2,Ball3,Pick3
2,6,6,266
3,4,4,344
5,0,2,502
1,9,3,193
6,0,6,606
1,6,7,167
7,1,1,711
1,0,3,103
3,1,4,314
0,7,0,070
1,4,0,140
6,9,8,698
5,6,3,563
3,6,4,364
6,3,8,638
5,0,7,507
5,8,2,582
2,8,3,283
5,3,3,533
0,7,5,075
8,9,5,895
9,6,4,964
3,6,0,360
6,0,5,605
0,6,4,064
5,6,7,567
8,6,4,864
8,4,7,847
5,4,6,546
6,6,4,664
5,7,6,576
1,3,2,132
5,6,7,567
9,0,2,902
5,2,6,526
0,6,0,060
1,2,7,127
9,4,5,945
7,8,8,788
8,3,1,831
4,4,1,441
8,4,8,848
9,6,7,967
4,9,6,496
6,1,9,619
2,1,5,215
9,3,8,938
8,4,7,847
5,2,1,521
6,5,9,659
5,8,6,586
0,0,7,007
5,7,7,577
9,1,3,913
2,7,3,273
4,1,4,414
4,7,1,471
7,9,9,799
5,9,5,595
9,3,3,933
9,2,1,921
5,6,1,561
1,5,3,153
2,8,6,286
7,8,7,787
1,4,5,145
6,3,2,632
7,2,0,720
7,9,1,791
9,7,0,970
5,1,6,516
1,5,6,156
5,5,5,555
6,4,5,645
4,4,4,444
8,3,5,835
6,3,6,636
3,0,1,301
2,7,9,279
6,3,3,633
6,0,3,603
1,9,3,193
3,4,0,340
1,8,9,189
2,0,3,203
1,2,3,123
9,8,0,980
6,7,4,674
7,1,7,717
9,3,2,932
2,8,8,288
0,1,9,019
6,5,9,659
3,5,7,357
0,2,8,028
3,8,7,387
5,8,9,589
8,2,6,826
7,9,0,790
4,3,7,437
6,6,5,665
4,4,7,447
7,8,1,781
2,9,4,294
5,3,1,531
7,3,8,738
4,5,8,458
3,6,6,366
1,4,3,143
7,3,8,738
9,5,4,954
1,9,9,199
5,1,2,512
5,0,1,501
5,2,3,523
0,5,2,052
8,7,2,872
1,9,3,193
6,2,9,629
4,1,8,418
5,2,3,523
0,8,0,080
4,0,5,405
9,4,3,943
6,0,9,609
6,0,6,606
9,2,2,922
9,7,2,972
4,7,2,472
0,0,4,004
2,1,2,212
7,5,7,757
4,2,1,421
9,5,8,958
5,2,2,522
5,1,3,513
5,7,6,576
2,8,8,288
8,5,1,851
3,5,9,359
3,4,1,341
4,8,2,482
9,5,5,955
3,9,0,390
3,3,3,333
5,9,5,595
5,2,5,525
1,8,6,186
0,4,4,044
9,7,3,973
0,7,5,075
3,9,9,399
8,9,5,895
5,5,1,551
3,4,7,347
6,6,9,669
6,6,6,666
2,4,5,245
5,0,3,503
8,3,0,830
2,2,0,220
1,7,2,172
3,2,0,320
2,2,9,229
4,6,5,465
5,5,2,552
1,1,9,119
4,2,6,426
5,0,7,507
0,8,8,088
7,6,8,768
6,4,5,645
8,6,0,860
9,7,4,974
8,4,6,846
4,2,7,427
4,4,6,446
5,3,7,537
9,8,4,984
1,0,9,109
7,6,8,768
9,7,9,979
3,6,9,369
7,6,5,765
0,4,2,042
0,8,8,088
9,6,6,966
2,9,9,299
0,8,6,086
2,8,1,281
5,0,2,502
1,5,2,152
5,8,1,581
9,4,0,940
2,0,4,204
1,5,2,152
8,0,2,802
8,7,0,870
1,7,0,170
7,7,9,779
2,4,0,240
1,5,7,157
4,9,3,493
8,7,8,878
5,3,7,537
8,3,8,838
1,2,8,128
2,1,9,219
4,2,9,429
5,1,2,512
3,9,0,390
8,7,8,878
3,4,7,347
5,4,0,540
0,1,0,010
5,3,3,533
2,8,5,285
8,3,4,834
3,6,4,364
1,7,1,171
1,1,6,116
0,7,0,070
2,0,7,207
0,5,4,054
7,9,7,797
7,3,9,739
1,6,5,165
7,4,4,744
4,0,3,403
0,2,5,025
6,7,9,679
1,8,6,186
7,3,6,736
9,9,2,992
8,5,1,851
5,2,3,523
0,3,6,036
6,9,8,698
1,6,6,166
4,1,0,410
4,6,4,464
3,6,2,362
5,8,9,589
2,9,0,290
7,1,8,718
4,8,4,484
4,3,7,437
2,3,8,238
7,2,4,724
2,3,0,230
3,0,7,307
3,0,4,304
1,1,8,118
8,0,5,805
2,8,0,280
0,8,9,089
8,6,3,863
9,4,2,942
8,9,9,899
1,9,6,196
1,2,6,126
1,1,1,111
0,5,8,058
1,9,2,192
9,0,9,909
5,7,3,573
4,9,4,494
7,7,3,773
1,7,1,171
8,1,9,819
7,2,8,728
5,0,1,501
0,1,6,016
5,3,7,537
0,8,5,085
4,6,2,462
0,5,9,059
3,2,7,327
4,0,0,400
8,7,6,876
8,6,4,864
3,9,7,397
6,8,2,682
8,9,2,892
7,1,3,713
0,0,1,001
3,9,0,390
3,9,1,391
1,5,6,156
4,9,9,499
7,5,7,757
9,8,2,982
4,1,5,415
7,5,9,759
9,6,7,967
6,6,5,665
7,4,5,745
8,0,5,805
5,2,1,521
9,0,3,903
4,8,3,483
3,6,0,360
3,2,1,321
5,8,0,580
5,6,5,565
1,9,8,198
2,0,3,203
5,3,4,534
6,7,4,674
7,4,7,747
7,0,3,703
4,9,5,495
6,1,3,613
9,7,2,972
5,1,7,517
2,3,8,238
7,8,3,783
0,6,6,066
1,9,4,194
6,9,4,694
3,3,3,333
1,5,7,157
8,3,9,839
8,6,6,866
7,9,3,793
6,2,8,628
4,3,7,437
1,1,6,116
4,9,2,492
4,3,9,439
2,7,4,274
5,3,1,531
4,1,2,412
5,2,7,527
4,3,3,433
7,1,9,719
8,6,1,861
6,8,6,686
2,6,8,268
5,2,6,526
3,1,6,316
0,3,7,037
4,5,0,450
4,0,0,400
1,0,3,103
5,0,1,501
9,2,7,927
0,0,8,008
3,2,2,322
5,3,2,532
2,3,1,231
2,0,4,204
7,4,4,744
2,6,1,261
7,6,6,766
4,1,8,418
2,7,9,279
0,1,6,016
2,4,8,248
5,8,7,587
5,0,3,503
4,4,3,443
2,1,5,215
5,3,6,536
4,6,2,462
7,0,8,708
1,3,5,135
2,6,4,264
8,0,1,801
8,5,2,852
5,8,3,583
2,4,5,245
7,2,8,728
0,0,3,003
6,2,9,629
5,2,3,523
0,5,6,056
5,8,4,584
9,8,8,988
3,0,0,300
7,9,9,799
2,7,5,275
6,6,1,661
1,3,3,133
4,1,7,417
4,9,0,490
9,9,9,999
4,2,2,422
7,5,5,755
8,7,5,875
8,7,8,878
3,6,1,361
8,2,7,827
1,7,7,177
0,4,4,044
9,0,3,903
0,3,6,036
2,4,0,240
0,6,1,061
7,4,1,741
1,1,4,114
9,4,4,944
8,1,2,812
6,4,6,646
1,8,3,183
3,3,1,331
0,1,2,012
7,6,1,761
5,3,8,538
5,4,3,543
6,9,8,698
1,2,5,125
9,8,3,983
8,9,3,893
9,6,6,966
8,4,0,840
0,3,2,032
7,7,4,774
9,9,7,997
8,7,2,872
6,6,4,664
1,9,8,198
4,9,4,494
4,4,9,449
1,8,3,183
4,7,7,477
6,5,5,655
6,0,5,605
6,4,8,648
9,2,8,928
3,4,1,341
8,8,4,884
2,6,4,264
6,0,2,602
5,6,6,566
8,0,0,800
6,1,4,614
4,7,1,471
5,3,9,539
6,2,6,626
9,5,6,956
4,9,1,491
7,2,3,723
2,4,9,249
5,5,7,557
7,0,4,704
5,8,7,587
5,5,8,558
3,5,6,356
8,1,5,815
3,2,4,324
9,6,6,966
1,3,1,131
8,3,1,831
0,2,3,023
6,5,9,659
9,4,2,942
6,9,4,694
9,2,7,927
4,7,4,474
9,2,9,929
8,5,2,852
2,5,4,254
7,4,4,744
7,9,3,793
7,7,9,779
2,1,9,219
9,0,8,908
1,0,9,109
4,0,4,404
5,7,1,571
5,2,9,529
6,0,5,605
0,3,2,032
4,0,6,406
6,1,9,619
2,7,4,274
7,6,4,764
4,2,3,423
2,7,9,279
6,2,6,626
9,5,8,958
8,3,5,835
3,2,7,327
7,0,5,705
5,8,8,588
5,8,7,587
1,2,7,127
3,3,6,336
2,0,3,203
3,6,5,365
0,1,8,018
1,5,4,154
0,3,5,035
5,2,3,523
8,3,8,838
7,7,8,778
3,7,4,374
0,4,0,040
0,5,1,051
9,9,4,994
1,6,6,166
3,8,8,388
6,6,7,667
4,7,9,479
6,8,2,682
1,1,3,113
7,7,7,777
6,3,0,630
1,1,9,119
7,4,6,746
6,7,8,678
0,3,0,030
7,1,2,712
7,3,7,737
3,5,0,350
5,8,4,584
0,3,7,037
5,0,2,502
5,8,7,587
9,5,0,950
9,3,3,933
5,0,9,509
4,3,5,435
9,7,5,975
9,7,0,970
8,6,3,863
8,0,6,806
0,7,7,077
4,7,1,471
5,8,5,585
9,5,6,956
4,3,6,436
2,7,5,275
4,7,3,473
2,3,7,237
8,0,5,805
5,5,4,554
4,5,7,457
8,2,6,826
2,8,1,281
5,8,1,581
3,3,8,338
7,3,2,732
2,0,1,201
2,3,4,234
1,2,4,124
1,7,4,174
5,1,1,511
8,9,1,891
0,6,3,063
6,7,9,679
3,2,9,329
9,1,3,913
0,2,4,024
1,8,5,185
3,7,7,377
5,1,0,510
3,6,8,368
7,1,9,719
9,2,0,920
5,1,4,514
5,1,4,514
3,8,4,384
7,1,1,711
9,4,6,946
7,5,0,750
3,8,3,383
8,2,1,821
3,1,1,311
8,5,0,850
9,2,6,926
7,2,1,721
8,0,7,807
0,7,7,077
6,8,0,680
5,1,8,518
6,3,8,638
3,5,4,354
6,8,3,683
6,8,5,685
1,1,6,116
1,5,8,158
6,5,4,654
5,5,4,554
1,7,0,170
3,2,0,320
9,1,0,910
5,5,8,558
7,3,1,731
3,3,9,339
0,2,5,025
6,1,7,617
6,9,5,695
0,8,0,080
1,3,6,136
8,4,4,844
1,2,7,127
1,7,9,179
0,3,9,039
4,5,9,459
3,9,6,396
7,3,2,732
9,6,9,969
2,3,0,230
9,3,9,939
1,4,4,144
7,3,6,736
8,5,1,851
3,8,6,386
3,6,0,360
4,1,6,416
6,2,3,623
8,5,8,858
6,1,7,617
0,2,2,022
2,9,9,299
4,8,3,483
4,2,8,428
4,4,9,449
3,9,6,396
7,7,3,773
4,9,6,496
2,7,4,274
6,2,3,623
0,8,0,080
2,9,6,296
1,7,7,177
3,6,6,366
1,3,3,133
6,1,2,612
2,1,6,216
9,8,1,981
1,6,6,166
3,0,2,302
8,9,9,899
2,8,2,282
3,6,9,369
2,0,4,204
4,0,7,407
1,3,6,136
6,9,2,692
3,4,2,342
0,4,9,049
0,0,0,000
0,9,4,094
8,2,1,821
3,1,1,311
9,7,8,978
7,7,9,779
4,5,8,458
1,3,4,134
4,7,9,479
6,1,2,612
5,6,1,561
3,1,7,317
7,0,9,709
6,5,7,657
3,8,5,385
0,0,5,005
2,1,8,218
8,2,4,824
0,5,9,059
7,6,9,769
6,2,7,627
8,1,3,813
8,8,2,882
9,7,6,976
2,6,5,265
3,5,0,350
4,3,8,438
3,9,0,390
4,4,4,444
4,5,7,457
3,4,5,345
6,0,6,606
5,4,7,547
1,2,0,120
1,2,4,124
6,0,7,607
8,0,1,801
8,9,0,890
9,9,3,993
2,8,1,281
5,5,6,556
8,4,4,844
6,9,8,698
8,1,6,816
6,8,6,686
5,6,4,564
6,1,6,616
6,1,5,615
5,9,9,599
1,8,3,183
2,0,1,201
6,9,7,697
9,7,7,977
4,5,4,454
6,4,5,645
2,8,6,286
4,2,6,426
6,5,7,657
8,7,0,870
6,0,7,607
2,3,6,236
0,7,9,079
7,0,8,708
0,1,4,014
7,9,7,797
6,9,0,690
2,0,5,205
9,9,0,990
8,8,5,885
3,0,8,308
3,3,5,335
4,9,7,497
5,7,7,577
1,7,9,179
3,5,0,350
3,9,6,396
9,2,1,921
2,3,2,232
3,4,2,342
3,0,1,301
7,0,4,704
8,3,6,836
6,8,0,680
9,0,6,906
0,1,9,019
2,7,6,276
9,2,8,928
0,5,6,056
6,8,1,681
1,6,9,169
3,0,6,306
9,6,6,966
7,7,4,774
1,1,2,112
6,0,4,604
1,4,0,140
1,1,9,119
2,7,7,277
2,8,1,281
8,1,7,817
6,5,1,651
8,0,2,802
1,0,2,102
1,7,2,172
4,2,0,420
6,0,2,602
3,3,2,332
4,9,0,490
7,0,4,704
9,7,0,970
4,4,1,441
8,9,8,898
1,0,4,104
6,8,3,683
9,5,3,953
3,0,8,308
9,6,8,968
4,2,1,421
8,2,7,827
6,5,0,650
7,7,1,771
3,9,0,390
2,5,3,253
4,1,7,417
3,6,8,368
2,6,3,263
8,4,4,844
8,3,5,835
7,1,2,712
1,5,6,156
6,6,6,666
2,3,8,238
6,8,1,681
3,8,2,382
1,5,8,158
6,8,6,686
8,4,7,847
9,2,2,922
2,4,5,245
5,4,2,542
5,2,2,522
9,0,0,900
2,7,2,272
6,6,9,669
7,7,7,777
3,8,1,381
2,5,5,255
5,9,0,590
1,0,7,107
9,8,8,988
5,5,2,552
8,1,3,813
2,4,3,243
5,9,3,593
4,0,7,407
5,3,5,535
7,1,4,714
6,2,8,628
1,2,0,120
4,0,9,409
8,9,8,898
8,2,1,821
0,3,5,035
7,5,1,751
6,4,6,646
2,5,1,251
5,7,7,577
1,5,2,152
0,2,7,027
9,3,6,936
4,6,1,461
4,3,4,434
4,4,2,442
6,6,6,666
2,1,0,210
9,1,5,915
9,8,7,987
6,0,9,609
8,8,0,880
5,9,3,593
5,9,8,598
7,9,8,798
0,7,5,075
0,4,1,041
7,3,6,736
1,7,8,178
4,2,9,429
4,2,3,423
2,1,3,213
9,0,4,904
1,2,3,123
6,1,3,613
6,6,0,660
8,2,6,826
1,6,2,162
0,5,9,059
6,9,2,692
3,3,2,332
3,4,0,340
7,7,6,776
3,9,8,398
8,4,1,841
2,0,1,201
3,2,7,327
6,9,5,695
6,8,4,684
2,2,2,222
4,4,2,442
5,1,8,518
7,6,9,769
4,2,5,425
4,8,1,481
9,1,7,917
5,3,5,535
2,1,9,219
5,6,4,564
5,8,6,586
9,1,2,912
7,3,0,730
8,5,7,857
5,7,3,573
4,2,7,427
0,4,1,041
8,6,8,868
9,5,5,955
8,3,7,837
8,8,9,889
8,2,6,826
6,8,4,684
8,7,0,870
9,9,4,994
5,2,6,526
9,3,2,932
5,6,5,565
8,3,5,835
0,1,2,012
2,8,1,281
7,8,6,786
3,6,5,365
3,0,1,301
5,9,2,592
2,2,2,222
8,8,5,885
6,1,6,616
3,0,0,300
0,6,2,062
6,5,0,650
2,6,3,263
7,6,8,768
5,0,6,506
0,7,8,078
5,2,0,520
7,3,1,731
2,4,9,249
7,2,6,726
9,3,7,937
9,7,5,975
6,4,1,641
2,3,2,232
4,0,2,402
6,3,1,631
9,3,8,938
3,4,2,342
3,3,8,338
9,9,1,991
6,0,9,609
2,6,9,269
8,5,2,852
4,0,2,402
9,6,1,961
7,3,5,735
8,8,9,889
0,4,0,040
8,8,2,882
3,8,5,385
0,8,4,084
9,7,3,973
4,4,8,448
4,5,4,454
8,7,9,879
5,1,6,516
2,0,9,209
2,3,9,239
6,4,1,641
9,4,7,947
4,1,0,410
9,5,9,959
9,8,9,989
0,3,4,034
5,0,2,502
0,4,0,040
4,8,3,483
6,7,2,672
8,3,0,830
5,1,5,515
6,9,8,698
4,2,6,426
2,2,2,222
7,9,8,798
7,0,5,705
4,1,9,419
8,2,3,823
2,2,8,228
7,5,7,757
7,0,8,708
3,9,5,395
2,5,6,256
4,7,5,475
6,6,1,661
5,1,3,513
9,8,3,983
5,9,6,596
0,2,7,027
5,7,9,579
0,3,8,038
0,7,0,070
1,2,7,127
1,2,4,124
7,2,3,723
1,5,3,153
2,2,9,229
3,7,6,376
2,0,8,208
1,8,9,189
5,3,0,530
1,5,8,158
3,3,9,339
9,4,1,941
8,2,1,821
7,0,8,708
1,0,8,108
2,7,9,279
4,0,9,409
7,6,1,761
3,6,5,365
8,4,4,844
7,4,8,748
7,3,4,734
6,5,5,655
0,2,6,026
7,9,3,793
2,8,7,287
3,8,1,381
5,0,8,508
4,7,0,470
5,5,4,554
7,6,7,767
0,7,2,072
0,1,0,010
4,0,4,404
4,3,9,439
1,7,8,178
3,1,4,314
5,2,9,529
1,6,4,164
9,3,4,934
7,0,6,706
2,3,7,237
7,4,9,749
3,7,5,375
2,9,9,299
6,4,0,640
8,8,0,880
2,5,7,257
0,5,7,057
1,7,2,172
3,7,9,379
7,5,2,752
2,2,2,222
0,1,7,017
1,0,5,105
6,0,3,603
5,6,8,568
7,9,3,793
3,0,2,302
9,3,6,936
8,1,7,817
9,5,7,957
2,2,2,222
8,1,7,817
2,8,2,282
9,3,8,938
0,6,0,060
2,1,8,218
7,8,3,783
6,2,2,622
9,7,5,975
7,1,1,711
8,3,3,833
6,1,0,610
7,4,3,743
6,9,8,698
8,4,5,845
0,8,9,089
0,2,5,025
9,1,5,915
2,2,1,221
6,3,4,634
6,6,9,669
8,9,2,892
4,2,6,426
7,1,2,712
9,2,4,924
4,9,2,492
1,7,0,170
8,9,9,899
0,9,3,093
0,3,8,038
2,9,9,299
3,8,8,388
1,4,2,142
2,3,8,238
2,5,1,251
2,1,6,216
2,8,1,281
4,8,1,481
7,9,7,797
0,6,5,065
5,6,8,568
9,7,7,977
3,8,7,387
0,0,6,006
0,1,3,013
6,3,4,634
1,5,3,153
7,4,4,744
3,7,7,377
7,3,9,739
0,2,7,027
2,5,5,255
9,8,5,985
7,4,9,749
0,7,7,077
4,2,8,428
8,1,7,817
1,6,3,163
6,5,9,659
0,0,3,003
7,2,0,720
3,4,0,340
6,9,7,697
7,1,8,718
8,8,8,888
0,5,8,058
8,7,6,876
3,3,3,333
9,3,8,938
6,2,1,621
6,0,0,600
8,5,6,856
7,1,8,718
9,3,8,938
9,7,7,977
5,1,6,516
5,6,6,566
4,1,0,410
9,3,9,939
4,5,3,453
0,1,9,019
8,1,0,810
2,0,6,206
4,1,1,411
8,6,1,861
0,1,0,010
2,9,8,298
4,3,6,436
4,3,6,436
3,3,1,331
1,9,1,191
3,1,9,319
4,5,5,455
3,5,4,354
6,0,1,601
3,8,5,385
0,6,2,062
8,6,6,866
3,4,4,344
1,3,2,132
6,4,2,642
6,5,6,656
3,3,6,336
8,0,6,806
0,4,2,042
8,3,3,833
6,7,3,673
0,6,3,063
8,8,2,882
4,9,3,493
0,7,9,079
1,7,6,176
7,8,0,780
6,0,0,600
7,7,5,775
3,9,3,393
1,2,5,125
4,8,8,488
4,3,2,432
4,4,3,443
8,6,4,864
3,4,6,346
8,1,1,811
6,1,2,612
4,6,0,460
2,6,9,269
4,9,9,499
6,3,5,635
9,3,9,939
1,5,5,155
5,7,2,572
6,6,0,660
4,1,9,419
1,4,3,143
6,5,4,654
4,8,8,488
7,9,1,791
7,5,9,759
0,1,3,013
1,8,9,189
0,9,7,097
1,7,4,174
4,8,6,486
4,4,6,446
3,3,9,339
4,9,1,491
0,7,1,071
6,0,9,609
3,6,9,369
7,1,7,717
7,9,4,794
8,7,3,873
8,0,6,806
5,5,1,551
9,3,2,932
9,1,7,917
8,6,3,863
4,4,2,442
8,3,4,834
0,4,0,040
1,1,8,118
7,4,4,744
6,4,2,642
7,9,0,790
6,7,7,677
7,0,4,704
2,7,5,275
5,1,8,518
5,8,5,585
1,4,1,141
7,8,7,787
9,7,5,975
0,2,8,028
9,0,4,904
3,7,9,379
6,8,2,682
8,9,9,899
8,4,5,845
6,3,2,632
9,6,2,962
2,3,6,236
9,3,9,939
9,4,7,947
6,4,6,646
5,0,2,502
6,0,4,604
0,1,0,010
0,7,1,071
2,1,4,214
1,4,6,146
1,7,2,172
9,1,7,917
6,3,5,635
8,3,3,833
3,8,6,386
4,7,6,476
9,3,7,937
9,5,8,958
5,8,0,580
7,8,0,780
8,3,9,839
6,9,2,692
3,3,6,336
6,1,6,616
6,9,2,692
1,3,0,130
9,5,7,957
9,5,4,954
7,0,2,702
0,7,5,075
1,6,5,165
3,9,7,397
0,6,3,063
1,8,1,181
4,5,5,455
9,2,7,927
8,1,7,817
5,9,9,599
0,4,4,044
0,5,9,059
0,0,8,008
7,4,3,743
4,5,9,459
6,7,6,676
6,2,7,627
1,1,5,115
0,9,2,092
8,8,1,881
6,0,4,604
5,1,9,519
6,4,2,642
8,2,1,821
9,2,0,920
6,3,1,631
8,8,8,888
4,0,4,404
8,4,9,849
7,2,9,729
8,4,0,840
7,3,9,739
5,4,8,548
2,6,5,265
9,4,4,944
2,4,9,249
4,3,4,434
5,2,8,528
4,5,1,451
2,6,5,265
2,8,5,285
4,6,5,465
5,7,5,575
5,8,3,583
3,3,9,339
1,4,6,146
9,0,8,908
4,6,0,460
1,9,1,191
4,9,4,494
7,6,7,767
2,8,1,281
7,9,7,797
1,4,4,144
8,7,9,879
2,5,2,252
7,5,7,757
8,7,9,879
0,4,4,044
5,1,2,512
3,0,1,301
5,2,1,521
3,8,1,381
8,7,1,871
5,0,5,505
3,1,0,310
5,8,7,587
5,5,9,559
1,2,1,121
1,5,1,151
1,7,4,174
3,7,2,372
0,9,5,095
2,9,5,295
6,8,6,686
5,6,5,565
6,9,6,696
8,1,2,812
0,5,3,053
4,5,7,457
1,8,9,189
9,9,0,990
9,2,7,927
3,6,2,362
9,8,2,982
4,9,1,491
3,9,8,398
9,4,7,947
7,8,4,784
3,0,2,302
0,1,9,019
4,7,7,477
0,9,7,097
5,5,5,555
1,4,8,148
4,2,3,423
2,6,8,268
7,2,6,726
9,1,3,913
2,9,6,296
5,0,6,506
4,1,4,414
4,4,4,444
1,7,5,175
8,9,1,891
1,8,7,187
9,1,3,913
7,5,5,755
9,5,7,957
5,1,1,511
0,2,0,020
3,8,8,388
0,7,8,078
1,2,1,121
6,8,1,681
0,0,1,001
1,3,2,132
4,6,3,463
4,5,8,458
9,6,6,966
5,9,6,596
0,5,4,054
6,9,6,696
8,4,9,849
5,8,4,584
4,4,3,443
1,6,9,169
2,5,5,255
8,7,0,870
2,9,3,293
6,5,4,654
8,6,6,866
7,6,4,764
7,8,6,786
0,1,9,019
6,8,2,682
5,2,1,521
7,6,2,762
3,5,8,358
2,0,9,209
7,8,9,789
8,0,7,807
1,8,5,185
4,3,2,432
6,8,2,682
2,8,1,281
7,8,2,782
5,0,5,505
3,1,1,311
2,6,1,261
7,8,9,789
8,8,2,882
6,2,8,628
5,8,8,588
4,4,3,443
4,6,8,468
0,7,9,079
5,2,2,522
7,2,6,726
5,7,4,574
3,6,8,368
0,3,2,032
6,3,1,631
2,0,8,208
7,4,6,746
1,1,9,119
3,8,1,381
1,6,6,166
6,5,9,659
4,3,7,437
1,9,8,198
4,3,7,437
7,1,7,717
9,9,0,990
0,2,2,022
1,3,2,132
4,9,8,498
0,5,0,050
0,0,5,005
6,2,7,627
9,9,7,997
4,4,1,441
3,5,9,359
1,7,2,172
3,5,7,357
3,9,7,397
9,4,5,945
6,4,4,644
9,2,7,927
0,3,2,032
2,6,6,266
2,5,3,253
7,6,8,768
3,5,7,357
3,0,2,302
0,6,9,069
5,4,4,544
3,5,7,357
0,6,1,061
0,3,6,036
6,1,4,614
9,0,6,906
6,2,1,621
0,7,9,079
2,6,0,260
2,8,0,280
8,6,2,862
2,3,3,233
2,9,9,299
9,5,8,958
5,7,1,571
3,2,6,326
6,1,1,611
8,1,2,812
5,6,3,563
0,6,0,060
1,1,4,114
7,9,2,792
6,0,7,607
5,5,7,557
5,3,8,538
2,4,6,246
4,1,1,411
4,4,0,440
4,5,7,457
1,0,3,103
7,4,0,740
8,9,8,898
1,8,8,188
3,9,8,398
3,2,0,320
0,1,5,015
2,2,8,228
3,9,6,396
0,1,1,011
0,8,0,080
8,8,8,888
7,4,5,745
5,3,1,531
7,2,4,724
9,8,8,988
3,5,9,359
3,3,4,334
5,4,2,542
1,6,7,167
5,1,2,512
7,7,2,772
6,7,0,670
7,4,0,740
0,0,8,008
9,7,8,978
6,6,5,665
4,3,7,437
7,4,6,746
1,4,8,148
6,6,8,668
6,7,0,670
8,9,7,897
5,0,8,508
9,4,9,949
3,2,5,325
9,5,8,958
2,3,1,231
9,0,0,900
8,1,8,818
8,0,2,802
0,2,1,021
4,4,8,448
0,9,1,091
4,5,0,450
5,0,8,508
4,7,5,475
9,0,6,906
7,7,5,775
3,2,6,326
9,8,5,985
1,3,9,139
4,8,6,486
1,3,0,130
2,6,1,261
6,0,1,601
9,3,7,937
7,9,3,793
7,8,3,783
5,8,8,588
4,8,9,489
7,1,7,717
9,7,9,979
0,3,1,031
4,7,9,479
1,8,9,189
4,5,6,456
6,8,1,681
8,9,4,894
4,6,7,467
8,1,5,815
7,0,8,708
1,3,1,131
2,2,1,221
7,0,9,709
7,3,9,739
6,2,0,620
5,4,3,543
6,5,4,654
4,1,0,410
5,7,8,578
6,5,3,653
4,3,8,438
2,7,3,273
6,8,7,687
6,2,9,629
4,3,6,436
6,6,8,668
8,0,5,805
2,9,2,292
6,4,0,640
1,6,5,165
0,5,9,059
3,7,4,374
0,9,7,097
4,2,8,428
8,8,5,885
4,7,5,475
7,2,9,729
6,4,2,642
8,7,6,876
5,7,8,578
5,2,5,525
1,2,8,128
0,0,4,004
5,4,1,541
9,6,6,966
0,7,9,079
6,0,1,601
8,7,4,874
4,7,2,472
7,1,8,718
0,7,6,076
3,8,8,388
1,4,3,143
1,3,8,138
0,2,6,026
0,0,9,009
2,9,7,297
1,7,9,179
9,7,7,977
8,5,4,854
8,3,5,835
0,8,4,084
4,2,4,424
3,6,7,367
9,1,8,918
3,8,1,381
2,1,4,214
6,1,9,619
4,3,5,435
0,3,3,033
9,0,0,900
6,7,5,675
2,0,1,201
7,5,5,755
1,3,3,133
9,2,6,926
2,5,3,253
7,8,2,782
6,5,5,655
3,8,7,387
1,3,6,136
8,1,9,819
0,3,2,032
7,0,2,702
2,0,3,203
7,3,0,730
9,4,4,944
7,2,0,720
5,7,0,570
6,2,8,628
3,7,7,377
1,5,6,156
4,4,2,442
9,2,4,924
9,3,0,930
2,6,2,262
3,4,0,340
7,7,7,777
6,6,6,666
9,6,2,962
4,2,5,425
9,8,0,980
1,8,5,185
9,1,6,916
0,0,2,002
9,0,9,909
4,3,4,434
8,2,8,828
7,6,7,767
5,2,1,521
7,9,9,799
1,5,0,150
4,7,6,476
4,8,5,485
0,4,0,040
4,3,9,439
0,7,0,070
7,3,4,734
3,2,6,326
1,5,4,154
3,7,3,373
7,7,0,770
2,2,6,226
7,3,6,736
7,9,6,796
8,6,0,860
7,2,1,721
4,1,7,417
2,6,0,260
2,3,2,232
9,5,3,953
5,4,9,549
1,3,5,135
2,3,2,232
3,6,4,364
4,8,2,482
0,6,1,061
3,7,7,377
7,8,0,780
3,3,0,330
7,6,9,769
4,3,0,430
6,1,0,610
3,7,5,375
6,7,6,676
3,7,0,370
0,5,6,056
8,7,9,879
1,8,3,183
3,7,5,375
5,6,2,562
2,0,6,206
8,7,4,874
2,9,4,294
9,5,3,953
3,3,5,335
6,1,7,617
4,2,7,427
5,0,0,500
2,9,7,297
2,8,9,289
4,6,1,461
2,5,1,251
7,0,5,705
3,6,0,360
8,7,3,873
4,0,4,404
3,0,3,303
5,4,7,547
8,4,7,847
4,9,0,490
6,2,9,629
4,9,9,499
2,7,6,276
3,7,1,371
8,6,3,863
1,3,0,130
0,3,1,031
3,9,1,391
0,0,0,000
2,1,0,210
2,6,2,262
6,5,9,659
7,4,7,747
0,0,5,005
5,5,0,550
9,8,9,989
6,3,8,638
8,1,4,814
3,4,1,341
9,1,2,912
6,1,1,611
2,8,8,288
3,5,1,351
3,7,1,371
5,2,9,529
3,8,8,388
9,8,4,984
5,7,3,573
6,7,2,672
7,0,6,706
0,8,1,081
0,4,3,043
0,4,9,049
1,7,6,176
7,7,6,776
5,8,8,588
6,5,4,654
5,6,9,569
1,4,9,149
2,0,8,208
2,6,0,260
7,6,4,764
4,2,4,424
5,6,4,564
9,7,6,976
4,8,6,486
8,3,3,833
3,9,7,397
1,8,9,189
2,0,2,202
0,2,5,025
8,8,7,887
9,8,9,989
0,2,5,025
5,3,4,534
5,9,3,593
7,3,3,733
0,1,9,019
4,1,9,419
4,1,8,418
1,2,4,124
2,0,7,207
0,3,0,030
4,6,8,468
3,0,7,307
4,6,1,461
9,0,8,908
6,0,3,603
0,1,1,011
2,6,5,265
6,8,7,687
5,6,4,564
4,1,3,413
4,4,3,443
9,4,3,943
2,4,8,248
5,2,8,528
2,4,4,244
0,1,9,019
3,8,3,383
3,8,1,381
6,8,4,684
8,0,4,804
3,6,7,367
7,3,3,733
8,8,8,888
4,0,0,400
1,2,7,127
9,3,5,935
4,6,3,463
1,6,0,160
7,7,4,774
5,8,5,585
3,7,3,373
3,7,6,376
4,6,5,465
0,7,6,076
5,4,2,542
1,3,0,130
2,5,6,256
0,6,1,061
3,0,2,302
4,0,1,401
0,9,9,099
9,9,3,993
3,5,4,354
0,9,4,094
8,4,2,842
0,0,0,000
6,1,5,615
6,2,6,626
3,9,1,391
9,7,7,977
1,7,8,178
6,7,3,673
9,1,8,918
8,2,9,829
5,6,3,563
1,2,1,121
9,8,7,987
2,1,7,217
6,7,4,674
7,2,9,729
0,9,2,092
8,6,1,861
1,2,1,121
3,8,5,385
8,6,3,863
3,9,3,393
0,8,0,080
8,7,1,871
1,3,5,135
7,5,0,750
5,6,4,564
6,7,3,673
9,0,2,902
3,8,3,383
3,4,9,349
7,2,8,728
9,8,1,981
9,5,2,952
9,8,5,985
4,9,6,496
9,5,7,957
8,7,8,878
2,4,8,248
1,0,4,104
9,0,5,905
6,6,1,661
3,3,8,338
6,8,7,687
0,5,9,059
3,0,8,308
8,6,6,866
7,1,0,710
0,8,6,086
2,4,9,249
3,1,1,311
7,0,7,707
0,2,3,023
6,0,0,600
8,7,2,872
5,9,0,590
2,4,0,240
0,3,7,037
3,7,7,377
7,2,1,721
8,9,5,895
6,6,8,668
5,1,2,512
9,6,6,966
2,1,1,211
1,5,0,150
9,9,7,997
3,6,9,369
1,3,9,139
5,9,2,592
8,3,9,839
8,6,0,860
1,5,8,158
1,8,4,184
5,8,8,588
8,0,4,804
6,1,2,612
1,5,8,158
3,9,8,398
3,0,0,300
8,0,9,809
3,6,3,363
3,9,4,394
9,5,8,958
1,6,5,165
1,6,0,160
5,6,4,564
7,9,2,792
6,4,8,648
0,5,2,052
7,6,0,760
2,7,1,271
9,4,1,941
3,0,4,304
4,1,2,412
6,7,7,677
3,2,5,325
8,3,3,833
4,0,0,400
7,1,0,710
3,4,0,340
6,3,4,634
7,6,4,764
5,9,1,591
2,4,0,240
6,6,4,664
6,0,9,609
0,7,5,075
2,8,9,289
6,7,4,674
0,3,6,036
0,4,8,048
0,9,3,093
6,9,2,692
8,9,5,895
1,8,1,181
7,9,9,799
4,3,7,437
1,8,2,182
3,2,1,321
0,8,8,088
9,5,9,959
6,9,6,696
6,4,2,642
9,3,7,937
1,6,0,160
1,6,1,161
9,4,2,942
8,3,6,836
7,2,4,724
8,2,8,828
2,0,2,202
0,5,5,055
6,4,1,641
5,4,5,545
8,1,4,814
7,1,2,712
1,5,1,151
1,2,2,122
6,4,6,646
6,6,2,662
2,1,3,213
6,2,8,628
7,8,2,782
4,2,6,426
3,7,6,376
4,9,1,491
8,4,7,847
0,9,8,098
3,6,3,363
9,9,6,996
7,7,8,778
4,0,3,403
9,1,7,917
2,4,5,245
4,3,4,434
7,1,7,717
4,4,0,440
2,7,8,278
6,0,5,605
0,5,0,050
0,6,7,067
3,8,3,383
9,2,9,929
7,6,9,769
1,6,3,163
7,0,8,708
2,6,6,266
0,7,4,074
1,0,3,103
6,2,7,627
3,8,1,381
6,7,1,671
8,2,9,829
7,1,3,713
2,2,0,220
0,3,0,030
7,4,9,749
0,2,3,023
5,1,9,519
7,4,3,743
1,4,9,149
1,2,6,126
8,2,0,820
7,4,1,741
5,6,2,562
8,9,8,898
5,2,2,522
8,6,5,865
3,1,1,311
4,6,6,466
8,3,4,834
0,9,6,096
7,9,6,796
6,2,1,621
4,6,1,461
8,5,1,851
5,0,4,504
0,2,1,021
6,8,4,684
9,2,5,925
4,7,4,474
2,9,4,294
6,3,8,638
5,8,9,589
2,7,5,275
4,4,8,448
6,3,9,639
8,7,7,877
6,9,5,695
5,8,5,585
6,4,3,643
5,2,5,525
8,6,7,867
4,4,9,449
6,3,2,632
6,6,3,663
5,7,4,574
9,2,4,924
8,6,6,866
3,1,1,311
9,5,4,954
2,4,0,240
7,5,0,750
8,3,7,837
3,8,5,385
6,0,4,604
7,4,5,745
4,1,6,416
9,2,2,922
0,7,9,079
4,7,9,479
5,4,6,546
9,6,9,969
5,3,6,536
1,3,7,137
5,8,2,582
0,3,1,031
2,9,0,290
4,4,2,442
5,2,2,522
2,8,4,284
5,7,9,579
6,5,6,656
1,8,1,181
4,5,7,457
0,7,7,077
6,8,5,685
0,1,4,014
9,9,8,998
9,7,6,976
6,4,4,644
4,1,4,414
8,7,1,871
2,1,0,210
8,2,8,828
9,1,5,915
1,6,8,168
1,4,3,143
0,7,8,078
9,8,7,987
9,4,4,944
2,0,3,203
2,2,8,228
9,2,3,923
5,5,9,559
9,3,1,931
4,4,9,449
0,5,6,056
4,9,4,494
9,1,7,917
2,9,7,297
2,3,7,237
4,1,6,416
8,0,5,805
4,4,4,444
9,2,4,924
6,4,0,640
8,9,2,892
6,6,4,664
9,6,1,961
9,6,7,967
7,7,2,772
8,4,4,844
0,8,8,088
6,4,5,645
3,5,4,354
7,3,1,731
9,4,3,943
6,4,9,649
1,0,6,106
4,3,8,438
4,9,4,494
4,3,6,436
9,5,0,950
9,4,6,946
0,2,3,023
9,8,7,987
7,5,7,757
4,2,9,429
1,5,7,157
3,4,9,349
2,4,8,248
9,1,5,915
5,9,2,592
2,3,3,233
8,8,7,887
8,5,6,856
0,5,0,050
6,2,8,628
8,2,3,823
2,3,2,232
8,9,0,890
7,3,5,735
4,6,3,463
9,9,2,992
7,9,0,790
6,1,2,612
1,1,8,118
3,6,5,365
4,5,3,453
0,8,7,087
3,7,4,374
5,6,5,565
9,5,0,950
0,9,4,094
0,1,8,018
8,0,5,805
5,9,1,591
3,6,9,369
5,6,8,568
4,7,5,475
7,3,0,730
9,8,1,981
1,7,1,171
3,7,9,379
5,0,1,501
8,5,1,851
9,2,6,926
1,7,5,175
0,5,1,051
8,0,7,807
1,7,4,174
2,6,4,264
9,6,4,964
6,1,6,616
2,5,2,252
3,3,5,335
5,4,2,542
6,0,6,606
8,1,0,810
9,5,1,951
2,9,6,296
7,2,0,720
5,4,6,546
7,7,4,774
7,7,1,771
8,7,8,878
9,2,0,920
5,8,1,581
9,8,5,985
1,7,2,172
7,1,4,714
0,3,3,033
1,0,3,103
5,5,2,552
6,0,6,606
1,7,5,175
7,6,6,766
8,8,9,889
7,8,4,784
8,9,9,899
3,4,0,340
5,4,6,546
6,3,6,636
4,2,8,428
3,6,2,362
1,2,2,122
6,9,9,699
8,2,3,823
7,3,1,731
3,7,6,376
3,8,9,389
8,6,8,868
0,4,2,042
0,4,3,043
1,8,5,185
1,5,8,158
0,8,2,082
7,1,8,718
4,5,9,459
9,2,4,924
8,6,6,866
5,0,0,500
5,4,2,542
0,6,8,068
3,9,5,395
5,9,4,594
6,0,5,605
4,9,4,494
6,7,7,677
4,5,4,454
1,8,9,189
9,1,7,917
0,2,0,020
0,9,7,097
4,0,8,408
3,4,4,344
0,5,6,056
7,3,9,739
5,3,5,535
5,7,8,578
7,1,2,712
8,3,7,837
4,6,0,460
6,7,2,672
1,6,0,160
2,3,1,231
4,9,6,496
4,0,1,401
2,1,9,219
3,5,7,357
9,7,8,978
3,7,5,375
7,4,2,742
4,2,4,424
3,4,6,346
5,0,6,506
4,6,6,466
8,1,3,813
8,2,9,829
5,6,0,560
8,6,2,862
7,3,9,739
3,0,6,306
2,8,4,284
6,5,9,659
1,8,6,186
7,0,4,704
2,3,8,238
3,3,5,335
3,3,6,336
1,7,7,177
3,1,1,311
0,8,9,089
7,2,9,729
9,0,7,907
6,0,0,600
7,4,4,744
5,5,9,559
5,1,8,518
9,2,8,928
5,7,9,579
0,9,8,098
0,3,6,036
9,3,1,931
6,1,8,618
5,9,1,591
9,8,1,981
8,0,5,805
4,9,7,497
7,6,1,761
6,5,4,654
4,9,5,495
6,9,0,690
7,2,7,727
0,8,0,080
2,4,8,248
4,0,1,401
2,9,5,295
3,1,1,311
5,5,0,550
5,5,8,558
7,2,1,721
4,2,8,428
4,6,4,464
9,2,6,926
1,6,4,164
6,7,3,673
8,4,1,841
3,1,6,316
8,0,4,804
2,5,0,250
0,3,9,039
8,4,3,843
5,0,1,501
8,1,8,818
9,2,5,925
1,5,4,154
0,5,2,052
6,7,9,679
7,7,2,772
4,3,6,436
5,5,3,553
9,7,7,977
2,1,9,219
2,1,6,216
7,9,7,797
7,4,0,740
3,2,1,321
5,9,3,593
2,5,4,254
7,7,5,775
0,0,6,006
0,1,4,014
3,0,2,302
1,5,8,158
2,2,1,221
9,3,1,931
1,3,0,130
3,5,9,359
0,4,3,043
1,1,5,115
3,1,5,315
2,7,4,274
6,2,3,623
4,3,9,439
3,3,5,335
1,3,2,132
1,5,0,150
1,2,8,128
1,1,2,112
9,0,0,900
7,0,1,701
5,4,4,544
7,1,0,710
9,2,8,928
1,8,1,181
4,1,1,411
7,5,9,759
3,7,4,374
9,2,7,927
7,5,5,755
3,8,5,385
4,8,1,481
5,1,0,510
1,7,9,179
1,3,0,130
0,2,5,025
3,4,9,349
4,7,8,478
5,7,9,579
8,1,6,816
5,2,7,527
6,4,1,641
5,7,3,573
1,2,3,123
8,3,7,837
0,0,8,008
5,5,5,555
8,4,1,841
4,5,4,454
3,8,4,384
1,8,8,188
8,0,6,806
2,5,4,254
8,8,6,886
8,4,6,846
9,2,1,921
6,2,3,623
4,4,8,448
1,7,3,173
7,1,0,710
7,5,5,755
0,8,6,086
5,0,3,503
2,0,7,207
3,4,9,349
4,9,3,493
4,9,4,494
0,9,1,091
3,0,1,301
9,7,4,974
0,5,5,055
2,1,1,211
3,8,5,385
8,2,5,825
2,2,0,220
4,9,8,498
3,3,2,332
7,9,6,796
2,6,4,264
7,5,6,756
4,4,3,443
4,1,7,417
5,6,2,562
7,1,8,718
4,6,4,464
2,9,2,292
3,5,5,355
9,2,6,926
4,4,6,446
2,2,8,228
2,5,2,252
0,6,9,069
5,0,0,500
5,9,1,591
4,4,3,443
7,9,9,799
9,5,9,959
7,0,9,709
3,7,0,370
7,8,8,788
4,3,3,433
6,6,8,668
2,1,2,212
3,2,4,324
6,3,5,635
7,6,4,764
6,3,1,631
7,7,8,778
3,8,7,387
3,5,5,355
8,3,7,837
6,7,5,675
9,6,1,961
6,4,7,647
7,6,1,761
6,1,5,615
4,2,4,424
7,4,1,741
1,0,0,100
2,6,9,269
4,2,1,421
9,8,4,984
4,5,8,458
5,4,8,548
8,7,5,875
3,6,4,364
3,1,0,310
2,9,5,295
2,8,3,283
2,4,5,245
1,7,8,178
7,2,0,720
9,3,5,935
9,2,5,925
6,1,4,614
3,7,6,376
6,7,4,674
5,5,7,557
2,5,3,253
6,0,3,603
4,6,8,468
6,5,6,656
7,0,3,703
4,1,5,415
2,1,0,210
5,3,3,533
2,2,3,223
6,7,5,675
6,1,0,610
6,4,6,646
8,9,3,893
5,8,5,585
9,2,9,929
4,5,9,459
8,4,2,842
9,5,0,950
1,8,6,186
7,2,9,729
9,2,3,923
2,0,6,206
9,2,5,925
8,8,8,888
5,8,2,582
6,3,5,635
3,5,3,353
7,0,7,707
2,4,4,244
2,1,7,217
4,7,6,476
6,3,5,635
5,8,6,586
4,6,1,461
8,5,7,857
4,8,9,489
2,0,1,201
9,1,8,918
1,6,7,167
5,6,6,566
4,0,9,409
3,1,8,318
3,5,2,352
0,2,6,026
6,5,8,658
6,6,0,660
5,1,7,517
1,4,1,141
6,6,7,667
9,4,7,947
4,7,7,477
3,5,8,358
2,0,3,203
2,4,1,241
0,9,8,098
6,2,9,629
8,1,2,812
3,1,7,317
1,5,3,153
1,2,2,122
8,6,8,868
4,1,1,411
3,9,4,394
5,3,8,538
8,5,2,852
7,9,5,795
6,1,4,614
6,2,8,628
4,7,3,473
4,4,7,447
9,5,0,950
1,0,9,109
6,2,9,629
0,3,4,034
1,4,5,145
9,7,4,974
6,0,4,604
2,0,9,209
1,6,6,166
4,4,2,442
3,8,7,387
9,5,1,951
1,4,0,140
9,6,0,960
1,9,5,195
7,7,8,778
8,4,2,842
6,2,7,627
1,6,6,166
4,2,7,427
7,2,0,720
2,7,0,270
5,3,6,536
9,4,9,949
6,5,4,654
2,9,9,299
3,1,1,311
2,0,2,202
4,5,2,452
3,9,0,390
0,6,3,063
7,3,0,730
5,2,5,525
6,5,2,652
3,8,4,384
4,7,2,472
7,8,3,783
0,8,9,089
1,9,4,194
9,4,1,941
0,7,8,078
2,8,4,284
0,7,3,073
6,8,3,683
8,9,6,896
4,4,5,445
1,5,2,152
7,0,6,706
9,3,8,938
6,8,4,684
4,7,8,478
4,3,7,437
0,5,4,054
9,2,8,928
0,8,4,084
0,9,6,096
4,6,7,467
0,5,7,057
6,6,4,664
9,5,5,955
8,7,6,876
0,6,6,066
8,0,1,801
5,3,6,536
7,1,4,714
4,0,0,400
3,0,0,300
7,2,9,729
3,5,3,353
7,6,9,769
5,3,1,531
4,2,0,420
7,5,4,754
9,6,0,960
2,8,4,284
1,6,1,161
0,9,2,092
9,8,4,984
2,4,8,248
8,6,1,861
8,8,1,881
3,5,3,353
4,9,4,494
1,8,5,185
0,1,8,018
0,2,4,024
1,2,3,123
4,0,8,408
1,0,8,108
4,0,2,402
5,2,2,522
9,0,0,900
4,8,0,480
4,0,5,405
6,2,2,622
7,7,8,778
7,0,6,706
9,9,4,994
4,7,2,472
3,8,6,386
7,3,9,739
3,2,5,325
9,1,7,917
5,6,3,563
8,6,7,867
8,6,2,862
9,7,4,974
8,9,3,893
0,6,3,063
0,7,4,074
5,2,9,529
3,1,3,313
5,2,0,520
4,9,4,494
6,2,3,623
6,2,0,620
5,5,6,556
2,5,4,254
7,7,4,774
5,0,2,502
3,4,8,348
5,1,6,516
1,8,0,180
5,2,9,529
9,8,1,981
5,2,8,528
2,0,1,201
1,3,1,131
4,0,1,401
9,9,2,992
2,7,7,277
7,9,5,795
4,0,2,402
0,9,6,096
1,9,1,191
7,7,1,771
9,1,6,916
7,5,6,756
7,3,4,734
4,0,3,403
5,1,2,512
9,7,2,972
3,0,7,307
1,9,7,197
9,9,9,999
9,4,2,942
2,8,7,287
1,3,7,137
3,5,9,359
8,3,4,834
0,5,1,051
9,1,3,913
7,4,4,744
2,5,4,254
6,3,0,630
6,1,2,612
0,7,4,074
7,8,7,787
3,5,6,356
2,7,4,274
5,4,5,545
3,3,0,330
2,1,0,210
9,2,2,922
7,4,4,744
0,8,5,085
5,9,3,593
4,5,0,450
6,7,3,673
5,8,5,585
5,0,1,501
4,8,9,489
0,8,6,086
5,8,7,587
3,2,0,320
6,1,2,612
3,6,1,361
0,5,0,050
6,5,0,650
6,6,0,660
3,0,2,302
4,1,5,415
7,2,5,725
3,0,1,301
1,0,0,100
2,7,8,278
6,1,3,613
2,3,4,234
6,5,5,655
0,1,1,011
5,0,3,503
1,5,3,153
0,7,2,072
8,8,7,887
3,3,7,337
1,4,0,140
1,8,4,184
7,3,8,738
2,5,3,253
5,3,0,530
1,0,4,104
7,1,5,715
9,4,2,942
2,1,3,213
7,2,6,726
6,9,5,695
5,5,8,558
4,5,0,450
7,2,4,724
6,8,5,685
7,9,9,799
7,7,9,779
5,9,7,597
4,6,7,467
3,3,9,339
1,9,9,199
7,6,3,763
2,2,3,223
0,9,4,094
6,5,4,654
1,2,3,123
8,4,7,847
2,7,9,279
5,4,4,544
2,2,5,225
8,2,9,829
8,8,4,884
3,0,4,304
4,5,9,459
2,0,7,207
8,8,9,889
3,2,8,328
3,0,9,309
5,3,6,536
4,9,6,496
6,1,5,615
5,3,1,531
2,6,7,267
6,6,5,665
0,4,8,048
2,7,1,271
0,0,7,007
3,0,1,301
7,0,4,704
3,5,9,359
3,7,0,370
2,2,1,221
0,8,4,084
5,3,2,532
7,3,7,737
3,0,2,302
3,0,5,305
8,6,6,866
0,8,0,080
3,9,3,393
0,0,1,001
2,3,3,233
6,6,0,660
5,6,9,569
1,8,2,182
5,5,0,550
3,6,3,363
2,3,2,232
4,3,8,438
1,7,8,178
3,0,7,307
2,1,9,219
3,5,2,352
0,7,3,073
6,4,2,642
3,9,9,399
7,0,2,702
4,7,7,477
6,2,0,620
0,1,3,013
6,4,3,643
3,3,9,339
9,6,3,963
3,8,1,381
1,5,1,151
1,5,0,150
8,0,2,802
9,4,3,943
8,2,7,827
3,9,9,399
2,7,7,277
3,7,3,373
9,2,8,928
5,5,3,553
0,0,1,001
1,8,1,181
8,8,9,889
4,7,3,473
5,7,0,570
6,8,4,684
3,5,4,354
7,6,6,766
5,1,7,517
6,2,2,622
3,5,8,358
3,6,9,369
4,8,8,488
3,6,7,367
3,0,6,306
0,3,9,039
1,8,5,185
2,4,1,241
6,8,2,682
5,1,9,519
1,0,4,104
2,3,6,236
3,5,4,354
3,0,8,308
7,6,9,769
6,9,5,695
2,7,6,276
9,7,1,971
9,0,0,900
7,0,4,704
8,8,5,885
9,0,2,902
3,1,9,319
2,3,6,236
0,4,3,043
8,0,8,808
0,6,6,066
1,2,7,127
3,1,5,315
0,2,2,022
7,6,8,768
9,5,2,952
4,2,7,427
3,0,7,307
8,1,5,815
6,1,9,619
1,5,9,159
8,1,0,810
9,0,5,905
5,6,6,566
8,9,6,896
0,8,4,084
1,2,3,123
1,5,0,150
9,3,5,935
3,6,9,369
0,9,2,092
2,2,2,222
4,4,4,444
6,3,2,632
4,5,8,458
4,1,8,418
8,4,4,844
5,9,0,590
7,0,7,707
4,0,5,405
3,9,8,398
3,2,5,325
8,8,7,887
1,9,6,196
2,2,6,226
9,2,3,923
2,1,0,210
9,5,7,957
7,8,4,784
5,4,7,547
0,0,8,008
7,8,4,784
1,8,1,181
3,7,5,375
8,4,3,843
3,0,0,300
3,1,0,310
2,2,4,224
7,5,6,756
7,0,7,707
9,1,5,915
3,8,1,381
0,7,2,072
3,3,6,336
7,7,6,776
8,8,1,881
6,3,6,636
7,5,5,755
6,2,9,629
2,3,8,238
3,1,2,312
2,9,4,294
5,3,0,530
0,3,2,032
3,6,9,369
9,4,6,946
4,7,1,471
6,5,8,658
9,4,4,944
9,0,0,900
6,3,6,636
3,3,7,337
3,2,0,320
6,4,6,646
1,8,5,185
9,4,6,946
8,6,0,860
2,2,2,222
6,5,7,657
2,7,8,278
2,3,1,231
3,8,5,385
5,0,5,505
8,4,2,842
2,1,6,216
2,4,3,243
4,0,8,408
8,0,5,805
7,4,3,743
6,9,3,693
6,6,3,663
0,6,5,065
4,9,0,490
3,7,3,373
1,5,0,150
0,3,9,039
3,8,8,388
0,5,1,051
9,8,9,989
8,9,0,890
7,4,8,748
0,0,0,000
6,2,5,625
4,7,0,470
5,1,3,513
2,6,6,266
6,8,7,687
8,7,7,877
9,4,3,943
8,7,0,870
1,7,7,177
3,1,2,312
1,8,1,181
3,3,8,338
6,4,2,642
2,6,3,263
4,4,9,449
7,2,1,721
4,9,7,497
0,1,3,013
0,7,7,077
6,5,2,652
1,4,0,140
8,8,2,882
3,0,7,307
5,8,1,581
7,1,0,710
3,1,2,312
7,4,2,742
0,8,9,089
6,2,5,625
3,9,1,391
3,6,0,360
1,5,9,159
1,0,5,105
5,8,0,580
1,6,9,169
9,1,7,917
4,6,3,463
2,2,6,226
9,7,5,975
3,8,6,386
0,2,8,028
4,2,6,426
4,9,4,494
3,5,5,355
6,2,4,624
5,9,5,595
2,5,1,251
5,5,9,559
9,4,3,943
2,6,9,269
9,9,5,995
6,8,1,681
8,4,6,846
0,2,3,023
0,3,6,036
1,9,7,197
3,1,8,318
5,5,2,552
1,5,9,159
8,5,1,851
2,3,9,239
5,8,3,583
3,3,4,334
6,6,2,662
9,8,0,980
3,0,7,307
8,6,2,862
4,8,6,486
6,4,4,644
8,4,8,848
1,4,1,141
0,3,1,031
1,8,9,189
6,1,3,613
9,3,4,934
1,5,6,156
5,1,3,513
6,5,3,653
1,1,1,111
2,5,4,254
7,5,5,755
6,0,7,607
2,9,3,293
1,4,8,148
2,5,9,259
2,2,8,228
4,7,4,474
8,1,9,819
7,6,6,766
7,1,8,718
0,1,7,017
8,0,3,803
0,5,6,056
3,4,7,347
1,6,2,162
2,6,9,269
9,8,4,984
5,4,0,540
7,8,2,782
7,0,8,708
4,8,0,480
7,0,6,706
4,3,1,431
2,8,6,286
4,1,6,416
6,9,2,692
9,4,8,948
5,7,6,576
8,0,9,809
9,6,3,963
9,7,5,975
8,2,1,821
8,7,7,877
1,7,6,176
4,3,8,438
9,1,8,918
3,1,5,315
1,7,2,172
2,5,7,257
1,2,7,127
5,1,6,516
0,7,9,079
0,7,4,074
0,6,5,065
1,6,3,163
3,8,0,380
7,1,9,719
4,6,6,466
3,9,1,391
7,5,8,758
6,9,5,695
4,4,5,445
0,9,2,092
1,1,6,116
0,9,3,093
1,7,8,178
8,5,8,858
2,3,4,234
1,5,2,152
1,8,4,184
0,4,0,040
2,1,2,212
7,4,6,746
7,6,0,760
7,8,5,785
2,2,1,221
7,6,7,767
3,7,2,372
4,9,4,494
7,8,8,788
2,6,2,262
2,4,7,247
7,4,2,742
4,1,9,419
7,8,3,783
2,6,4,264
7,0,6,706
9,8,5,985
2,1,3,213
6,9,4,694
1,1,2,112
7,1,5,715
4,1,9,419
4,6,9,469
9,9,1,991
8,5,6,856
7,0,5,705
9,7,3,973
2,1,4,214
2,2,7,227
4,7,8,478
9,2,2,922
9,5,8,958
9,2,7,927
7,2,7,727
1,9,7,197
2,4,8,248
0,4,9,049
8,4,2,842
6,1,9,619
6,1,7,617
3,3,5,335
6,7,5,675
8,7,2,872
8,3,4,834
9,4,4,944
3,4,3,343
4,4,5,445
2,7,4,274
9,2,1,921
2,6,1,261
8,7,3,873
8,4,4,844
1,2,1,121
6,4,9,649
4,6,9,469
1,5,2,152
9,1,6,916
5,6,8,568
0,0,8,008
5,4,8,548
4,4,7,447
3,2,8,328
3,6,5,365
2,2,9,229
5,8,3,583
5,7,0,570
0,5,2,052
0,8,0,080
9,4,5,945
9,6,4,964
3,4,5,345
6,8,2,682
5,8,3,583
0,0,1,001
2,3,5,235
0,9,3,093
5,6,9,569
4,1,6,416
1,6,7,167
6,2,4,624
8,5,9,859
7,0,3,703
8,0,8,808
7,1,9,719
5,4,5,545
1,2,4,124
9,8,2,982
6,7,4,674
6,2,5,625
8,6,9,869
4,6,9,469
1,9,4,194
7,5,6,756
6,3,6,636
4,6,4,464
0,9,6,096
0,9,9,099
8,0,4,804
0,9,5,095
7,0,4,704
8,2,8,828
9,7,8,978
4,8,7,487
0,8,5,085
6,6,3,663
4,4,7,447
0,0,9,009
3,8,8,388
4,0,1,401
8,7,1,871
5,7,9,579
6,2,6,626
8,5,5,855
6,7,0,670
9,3,9,939
1,8,6,186
1,2,1,121
9,2,2,922
0,0,9,009
2,8,8,288
1,2,7,127
0,9,2,092
5,4,2,542
0,4,6,046
0,0,9,009
7,1,7,717
3,9,9,399
8,8,6,886
8,1,2,812
1,2,1,121
5,0,3,503
4,3,1,431
6,5,6,656
0,6,7,067
2,1,9,219
9,5,2,952
6,5,2,652
1,2,1,121
9,5,3,953
6,3,3,633
4,2,4,424
0,8,2,082
7,6,9,769
6,5,7,657
8,3,5,835
5,2,5,525
4,0,7,407
4,1,1,411
0,8,3,083
7,6,4,764
1,8,2,182
0,5,8,058
0,6,7,067
4,3,0,430
2,6,5,265
5,8,9,589
8,6,3,863
5,6,6,566
5,2,5,525
8,6,2,862
5,7,9,579
4,0,5,405
1,7,4,174
7,9,1,791
6,4,3,643
3,4,0,340
9,6,4,964
6,6,2,662
9,3,5,935
4,5,2,452
6,9,0,690
4,9,3,493
0,3,3,033
7,4,2,742
8,6,1,861
1,8,8,188
3,7,0,370
0,2,8,028
9,9,5,995
8,6,1,861
4,7,0,470
0,9,7,097
9,9,4,994
8,4,4,844
8,9,0,890
6,9,3,693
0,6,8,068
6,6,4,664
3,7,7,377
1,0,5,105
4,5,6,456
8,7,9,879
7,4,3,743
1,2,8,128
5,8,7,587
9,8,0,980
5,5,3,553
6,7,0,670
2,4,7,247
8,2,3,823
2,1,1,211
6,5,6,656
9,8,2,982
3,9,4,394
3,9,5,395
3,1,5,315
4,4,6,446
2,5,8,258
0,9,4,094
9,1,3,913
4,7,0,470
2,7,7,277
3,5,7,357
2,6,7,267
8,0,2,802
3,2,1,321
8,2,5,825
6,2,8,628
3,9,3,393
5,5,8,558
1,2,1,121
5,3,9,539
3,9,3,393
0,4,2,042
2,1,7,217
7,6,4,764
9,0,3,903
9,7,6,976
4,0,3,403
5,2,0,520
5,9,5,595
3,9,1,391
0,2,8,028
6,7,3,673
0,1,2,012
3,8,5,385
5,3,5,535
0,8,3,083
1,0,5,105
5,4,1,541
1,8,2,182
2,1,3,213
6,0,4,604
9,6,8,968
1,8,7,187
5,1,0,510
0,6,6,066
1,0,7,107
2,3,9,239
9,1,8,918
6,9,5,695
3,8,5,385
8,9,6,896
5,1,2,512
2,6,6,266
5,4,6,546
8,8,3,883
4,6,7,467
2,5,2,252
1,3,4,134
6,3,1,631
1,8,0,180
0,0,5,005
9,1,7,917
7,9,8,798
7,8,2,782
3,9,2,392
4,4,1,441
5,9,2,592
9,7,3,973
7,4,5,745
5,2,8,528
5,5,3,553
0,9,6,096
1,4,5,145
9,8,8,988
3,2,0,320
7,6,7,767
0,4,5,045
9,7,1,971
7,6,2,762
1,1,5,115
7,1,3,713
6,1,6,616
9,7,9,979
0,9,9,099
3,3,8,338
6,3,0,630
5,4,9,549
3,4,0,340
7,4,4,744
6,0,4,604
9,4,7,947
6,3,1,631
7,1,0,710
4,7,5,475
1,2,1,121
1,9,0,190
6,0,8,608
2,6,5,265
8,7,3,873
7,6,0,760
9,7,3,973
5,7,1,571
4,6,0,460
2,8,9,289
2,2,4,224
1,9,1,191
8,3,7,837
6,3,4,634
3,6,4,364
4,7,2,472
7,2,4,724
4,3,6,436
9,7,9,979
1,7,7,177
1,0,7,107
9,9,3,993
2,9,0,290
0,6,9,069
9,4,7,947
2,0,7,207
0,1,0,010
0,3,2,032
1,8,6,186
7,4,4,744
1,9,2,192
9,8,2,982
7,9,0,790
1,4,4,144
2,4,9,249
4,2,5,425
5,3,7,537
5,1,3,513
6,3,0,630
8,1,5,815
8,3,4,834
8,0,9,809
9,3,3,933
8,0,9,809
3,7,5,375
9,8,6,986
7,9,9,799
9,7,9,979
3,0,9,309
7,5,2,752
3,9,6,396
8,5,3,853
1,0,9,109
9,6,4,964
5,7,8,578
6,3,2,632
4,9,9,499
7,7,2,772
2,0,9,209
5,5,1,551
7,9,1,791
1,2,2,122
0,7,8,078
3,4,0,340
3,7,2,372
0,6,5,065
6,9,1,691
1,8,0,180
1,3,0,130
1,9,3,193
1,0,7,107
9,2,2,922
4,0,9,409
5,0,9,509
5,1,3,513
3,3,9,339
8,4,7,847
2,3,0,230
0,1,3,013
0,1,2,012
4,9,2,492
2,4,8,248
4,8,3,483
9,4,6,946
6,7,7,677
3,5,6,356
4,6,0,460
1,5,8,158
4,9,4,494
0,4,3,043
8,7,7,877
1,6,2,162
8,3,9,839
9,1,9,919
6,5,2,652
5,7,3,573
5,4,3,543
2,4,4,244
6,9,6,696
8,2,1,821
6,0,4,604
1,0,7,107
3,1,6,316
1,0,6,106
2,0,9,209
9,9,5,995
6,7,7,677
6,0,7,607
1,3,3,133
6,7,9,679
2,3,3,233
1,6,8,168
3,8,8,388
8,9,4,894
9,6,1,961
7,7,0,770
0,2,7,027
8,2,6,826
7,4,2,742
6,9,2,692
5,2,4,524
4,0,2,402
0,2,0,020
0,1,3,013
6,9,9,699
4,4,1,441
4,9,2,492
9,6,4,964
8,1,1,811
0,8,9,089
2,6,5,265
8,0,8,808
0,0,5,005
1,8,0,180
1,2,1,121
8,5,4,854
0,6,2,062
4,6,1,461
2,9,1,291
9,2,2,922
8,7,5,875
4,2,7,427
3,5,1,351
4,7,7,477
8,1,8,818
8,6,5,865
3,6,9,369
7,1,3,713
5,1,2,512
6,2,8,628
1,9,3,193
0,4,6,046
5,0,2,502
7,3,6,736
6,0,1,601
3,0,4,304
5,4,5,545
7,9,2,792
5,8,7,587
4,3,6,436
3,8,0,380
7,7,3,773
2,0,2,202
3,9,7,397
1,4,2,142
0,1,3,013
7,6,8,768
0,7,2,072
7,5,7,757
7,4,4,744
3,7,9,379
8,7,4,874
3,1,0,310
9,8,9,989
5,3,5,535
6,1,3,613
6,7,4,674
3,4,3,343
2,9,8,298
2,7,2,272
9,2,6,926
2,7,3,273
7,5,4,754
7,5,6,756
2,9,5,295
1,1,1,111
4,1,8,418
8,3,7,837
0,4,5,045
5,2,9,529
4,1,5,415
8,3,3,833
2,9,1,291
7,2,4,724
9,8,1,981
7,0,3,703
9,1,7,917
9,4,5,945
3,8,9,389
7,4,5,745
9,4,7,947
9,1,0,910
8,6,5,865
4,5,2,452
7,6,8,768
7,7,8,778
2,9,0,290
2,5,8,258
6,4,3,643
5,7,1,571
5,0,7,507
1,4,5,145
7,5,9,759
8,7,6,876
9,4,1,941
3,9,4,394
4,1,6,416
3,0,3,303
9,7,1,971
9,0,1,901
8,2,9,829
1,1,2,112
0,6,4,064
5,6,0,560
7,3,2,732
0,5,2,052
9,0,7,907
3,8,0,380
8,8,6,886
6,4,5,645
9,2,3,923
5,6,0,560
8,0,2,802
2,4,0,240
7,8,8,788
2,6,9,269
0,7,4,074
4,9,8,498
8,2,4,824
3,8,9,389
8,8,8,888
5,7,6,576
3,4,9,349
7,8,2,782
9,6,7,967
5,4,3,543
2,8,5,285
7,3,9,739
0,3,0,030
3,1,1,311
7,1,5,715
1,5,4,154
8,8,4,884
6,8,9,689
1,7,1,171
9,1,9,919
9,9,7,997
0,5,8,058
9,2,6,926
4,5,6,456
7,6,2,762
6,4,4,644
9,7,5,975
3,8,6,386
8,2,2,822
1,0,8,108
4,5,5,455
6,4,8,648
6,0,2,602
9,6,9,969
5,2,3,523
2,1,5,215
5,4,1,541
5,9,7,597
8,1,9,819
2,1,8,218
9,4,7,947
6,8,1,681
2,5,8,258
4,9,2,492
0,6,2,062
7,4,0,740
6,8,9,689
2,0,5,205
3,8,4,384
4,0,6,406
8,1,9,819
4,7,5,475
3,5,4,354
0,2,1,021
6,5,7,657
6,2,6,626
0,5,2,052
2,1,9,219
1,8,4,184
5,9,3,593
8,8,1,881
4,0,8,408
4,3,3,433
3,1,1,311
9,5,0,950
1,0,8,108
1,8,4,184
0,3,2,032
5,8,9,589
4,8,5,485
6,8,6,686
3,7,0,370
2,4,6,246
2,6,9,269
1,8,8,188
0,4,8,048
5,2,4,524
0,3,6,036
6,6,9,669
5,3,3,533
2,2,9,229
6,0,0,600
0,5,6,056
2,4,8,248
5,9,4,594
9,1,2,912
2,9,8,298
6,7,1,671
3,8,7,387
2,9,5,295
5,9,9,599
6,0,6,606
6,0,8,608
0,6,1,061
6,8,4,684
8,7,7,877
5,4,7,547
7,7,9,779
4,9,8,498
8,8,5,885
0,0,1,001
6,8,0,680
0,0,5,005
7,0,0,700
0,9,4,094
8,2,4,824
6,6,3,663
8,7,6,876
8,9,1,891
4,0,5,405
1,2,8,128
6,8,0,680
6,3,0,630
7,9,6,796
0,9,3,093
6,5,7,657
2,6,5,265
5,3,1,531
7,6,0,760
1,9,6,196
9,2,7,927
6,7,1,671
7,5,2,752
2,1,9,219
5,3,8,538
8,9,2,892
8,8,6,886
7,3,4,734
4,7,6,476
6,4,9,649
4,7,2,472
2,5,2,252
5,8,5,585
5,4,3,543
0,3,4,034
4,3,2,432
6,8,6,686
9,3,7,937
8,4,6,846
8,5,7,857
4,7,8,478
3,4,8,348
5,6,7,567
8,9,7,897
9,7,8,978
3,4,3,343
0,6,7,067
2,5,8,258
8,9,3,893
1,7,2,172
2,5,1,251
6,1,2,612
1,3,1,131
9,4,8,948
7,1,6,716
8,0,6,806
9,6,4,964
1,7,3,173
3,8,9,389
8,3,1,831
6,2,1,621
4,9,3,493
5,0,2,502
1,2,7,127
3,0,4,304
3,5,3,353
6,4,1,641
5,6,8,568
9,7,3,973
3,2,3,323
4,2,4,424
7,7,4,774
0,4,2,042
2,8,0,280
1,2,4,124
8,8,6,886
6,6,9,669
7,3,9,739
6,4,2,642
6,0,4,604
7,0,8,708
6,7,1,671
4,7,2,472
5,2,6,526
9,4,1,941
5,8,7,587
7,7,3,773
5,7,6,576
7,1,2,712
7,6,1,761
2,5,8,258
5,8,3,583
1,6,6,166
6,3,2,632
8,8,3,883
9,7,0,970
8,8,5,885
2,0,0,200
2,4,7,247
9,7,4,974
8,3,8,838
6,3,7,637
6,4,4,644
7,8,8,788
0,3,8,038
8,1,0,810
1,8,1,181
2,2,1,221
2,3,5,235
3,7,1,371
1,4,7,147
7,5,6,756
9,1,2,912
5,3,2,532
1,2,3,123
4,0,4,404
4,4,8,448
1,4,5,145
1,8,0,180
5,2,4,524
9,3,6,936
7,4,3,743
7,9,5,795
6,1,4,614
9,0,8,908
4,3,9,439
7,9,5,795
6,4,0,640
9,5,2,952
9,0,4,904
1,7,2,172
8,5,3,853
5,2,9,529
9,1,0,910
5,1,2,512
7,5,6,756
8,7,1,871
3,7,5,375
0,0,1,001
2,2,7,227
7,3,2,732
1,3,1,131
6,0,3,603
6,1,5,615
0,6,0,060
3,0,2,302
2,4,2,242
8,8,0,880
9,1,7,917
7,3,0,730
5,9,5,595
7,9,0,790
4,3,8,438
0,0,9,009
3,5,9,359
1,0,1,101
4,7,1,471
4,8,3,483
4,8,0,480
1,1,4,114
5,4,1,541
8,6,0,860
1,4,0,140
0,3,3,033
8,2,8,828
7,7,8,778
6,7,7,677
1,6,5,165
5,8,0,580
6,9,6,696
4,4,4,444
4,4,2,442
3,2,1,321
9,9,6,996
8,9,1,891
1,3,8,138
3,1,0,310
7,9,5,795
1,6,8,168
7,4,9,749
0,9,0,090
2,3,0,230
8,0,8,808
4,7,0,470
3,9,6,396
3,5,6,356
4,0,8,408
5,4,8,548
4,3,2,432
5,1,9,519
7,7,8,778
5,4,8,548
8,8,8,888
4,0,9,409
6,5,9,659
6,3,5,635
8,8,5,885
9,4,7,947
8,3,3,833
8,4,4,844
3,4,3,343
0,5,0,050
4,9,3,493
9,6,9,969
4,9,6,496
3,5,1,351
6,9,3,693
8,3,9,839
6,8,9,689
0,6,2,062
5,4,6,546
5,7,8,578
3,5,9,359
3,6,6,366
9,1,6,916
6,0,4,604
5,8,4,584
2,2,1,221
9,9,9,999
1,3,8,138
2,1,4,214
9,3,1,931
6,6,3,663
9,2,0,920
8,2,4,824
7,7,4,774
2,1,8,218
6,1,2,612
1,7,2,172
8,5,1,851
9,4,7,947
6,6,8,668
6,9,7,697
1,6,1,161
0,0,7,007
8,5,9,859
2,1,9,219
1,1,2,112
2,8,7,287
6,4,4,644
8,0,7,807
7,4,7,747
6,2,3,623
7,0,4,704
2,8,5,285
5,8,2,582
7,6,9,769
0,5,5,055
1,5,1,151
7,0,7,707
2,0,3,203
6,2,6,626
0,3,6,036
7,2,0,720
6,9,2,692
2,4,9,249
7,7,6,776
7,1,8,718
6,1,6,616
1,8,6,186
3,7,2,372
5,5,3,553
2,1,5,215
9,4,7,947
2,1,2,212
5,4,5,545
8,0,3,803
3,3,2,332
9,3,9,939
4,3,5,435
1,9,4,194
3,4,3,343
3,9,9,399
5,6,2,562
8,4,2,842
8,0,6,806
0,7,6,076
6,4,9,649
3,6,3,363
7,0,0,700
7,4,3,743
4,7,6,476
4,8,0,480
0,0,2,002
8,4,0,840
9,0,8,908
0,1,1,011
1,9,0,190
1,5,5,155
8,9,1,891
7,9,5,795
3,9,4,394
6,6,6,666
7,0,4,704
8,5,2,852
9,2,0,920
1,1,1,111
7,5,6,756
1,4,3,143
0,2,9,029
1,0,3,103
4,5,8,458
9,7,1,971
6,1,5,615
0,6,4,064
6,7,9,679
5,5,8,558
4,0,3,403
1,6,1,161
4,1,2,412
7,1,3,713
1,5,1,151
9,9,8,998
9,4,1,941
0,5,1,051
1,1,7,117
8,0,4,804
5,6,7,567
5,2,4,524
6,1,3,613
6,0,2,602
1,9,1,191
6,4,8,648
6,5,5,655
1,1,5,115
2,4,2,242
4,8,5,485
0,7,0,070
6,5,5,655
1,9,5,195
8,4,2,842
0,1,1,011
3,7,3,373
1,5,9,159
8,0,8,808
1,1,5,115
8,2,8,828
2,7,8,278
9,6,3,963
4,4,5,445
8,9,2,892
6,4,4,644
7,9,4,794
7,5,7,757
5,4,3,543
9,2,0,920
4,1,9,419
9,9,5,995
1,9,9,199
8,3,0,830
8,0,9,809
7,9,6,796
9,3,8,938
2,6,1,261
3,1,2,312
3,1,9,319
3,6,4,364
5,0,5,505
9,8,6,986
8,4,1,841
1,0,0,100
3,3,2,332
9,0,9,909
9,0,4,904
1,2,8,128
1,9,0,190
0,9,7,097
9,4,7,947
2,9,6,296
1,9,6,196
4,6,8,468
7,9,2,792
0,6,4,064
6,5,9,659
3,5,6,356
3,7,6,376
0,1,4,014
7,5,0,750
6,1,9,619
3,0,6,306
2,4,7,247
8,0,3,803
2,4,7,247
6,2,8,628
5,1,5,515
5,2,9,529
7,2,8,728
8,8,5,885
6,9,1,691
1,4,3,143
3,4,8,348
3,9,2,392
9,4,8,948
0,5,6,056
1,7,8,178
3,1,9,319
9,5,1,951
0,8,4,084
3,4,3,343
5,6,5,565
1,2,4,124
2,4,9,249
9,9,2,992
4,0,7,407
8,4,9,849
7,3,8,738
0,0,0,000
2,7,7,277
8,8,4,884
6,6,5,665
6,6,1,661
9,9,3,993
1,8,7,187
2,7,6,276
8,0,0,800
1,3,8,138
3,6,6,366
3,5,0,350
5,3,4,534
8,9,4,894
6,6,3,663
3,1,7,317
6,5,4,654
3,5,6,356
2,1,7,217
4,1,5,415
2,0,1,201
5,2,9,529
4,9,6,496
5,8,2,582
0,0,9,009
2,0,6,206
8,4,7,847
5,1,0,510
0,9,8,098
3,9,9,399
4,6,7,467
1,0,6,106
2,0,1,201
3,6,5,365
6,8,8,688
1,1,3,113
0,0,4,004
8,4,9,849
7,9,9,799
9,3,1,931
7,1,3,713
0,3,5,035
3,4,6,346
4,5,0,450
7,1,8,718
3,3,7,337
7,1,8,718
6,9,8,698
0,2,1,021
5,5,9,559
9,6,2,962
4,8,4,484
8,4,9,849
6,6,4,664
2,7,0,270
1,0,3,103
6,5,8,658
6,6,9,669
7,5,5,755
7,8,0,780
7,5,6,756
7,8,5,785
1,0,7,107
4,7,0,470
0,3,3,033
7,6,4,764
9,2,0,920
3,6,6,366
3,5,9,359
1,0,8,108
8,2,5,825
2,1,2,212
8,3,5,835
3,4,4,344
9,6,1,961
0,9,0,090
0,6,8,068
2,2,0,220
0,0,2,002
8,1,3,813
6,5,4,654
8,8,0,880
5,3,1,531
6,9,0,690
1,3,8,138
1,6,7,167
1,0,8,108
2,1,9,219
6,4,4,644
4,5,2,452
9,5,6,956
0,4,7,047
7,6,6,766
4,3,4,434
6,6,2,662
7,6,0,760
8,1,6,816
9,4,5,945
8,5,6,856
2,0,8,208
1,3,8,138
2,8,1,281
8,5,4,854
9,4,6,946
7,6,9,769
7,0,7,707
9,0,1,901
4,1,8,418
0,0,5,005
8,3,7,837
7,2,3,723
7,1,2,712
1,2,7,127
8,2,3,823
5,4,0,540
4,6,3,463
1,7,8,178
2,5,9,259
5,5,7,557
8,6,4,864
4,6,0,460
7,5,6,756
8,2,0,820
5,5,4,554
6,9,6,696
8,7,3,873
9,5,2,952
0,7,9,079
6,2,2,622
5,8,4,584
7,5,1,751
4,3,8,438
0,4,9,049
0,6,9,069
8,3,5,835
2,0,1,201
0,6,4,064
6,5,7,657
4,1,9,419
4,9,6,496
2,1,0,210
2,5,3,253
2,6,4,264
9,8,8,988
9,5,0,950
2,2,2,222
1,7,1,171
7,9,6,796
7,2,4,724
7,1,8,718
1,2,0,120
8,9,2,892
3,0,3,303
8,4,6,846
7,0,2,702
5,3,1,531
2,3,2,232
3,4,6,346
5,2,5,525
5,4,4,544
1,7,5,175
8,9,6,896
4,7,4,474
7,7,3,773
9,8,0,980
7,8,9,789
0,8,4,084
5,7,8,578
2,0,8,208
5,8,9,589
1,2,4,124
3,0,4,304
0,0,4,004
1,5,8,158
7,6,4,764
5,0,2,502
6,6,3,663
0,6,3,063
5,4,4,544
4,9,0,490
5,3,2,532
8,5,8,858
6,6,5,665
0,1,8,018
8,1,0,810
5,2,8,528
4,5,9,459
2,9,2,292
7,8,2,782
1,4,8,148
9,5,0,950
7,0,7,707
4,2,1,421
7,1,3,713
6,3,2,632
7,3,5,735
6,1,8,618
0,8,0,080
5,9,0,590
9,1,1,911
6,6,2,662
8,2,8,828
2,3,6,236
4,4,9,449
2,0,4,204
8,3,7,837
3,3,7,337
0,6,4,064
0,4,0,040
5,5,7,557
7,6,1,761
2,7,2,272
7,2,3,723
7,2,1,721
4,9,6,496
2,8,1,281
6,5,0,650
9,8,3,983
8,1,6,816
6,5,1,651
3,4,3,343
6,7,5,675
3,1,6,316
6,6,0,660
8,3,3,833
2,4,3,243
8,7,8,878
6,4,3,643
4,7,2,472
1,7,1,171
0,6,5,065
2,0,7,207
4,3,0,430
4,2,3,423
6,3,0,630
6,8,4,684
8,9,9,899
2,6,0,260
5,0,2,502
1,4,5,145
8,1,3,813
2,6,7,267
3,9,7,397
0,4,8,048
6,6,7,667
8,8,6,886
5,8,2,582
4,0,1,401
4,7,7,477
4,6,4,464
7,1,2,712
7,2,2,722
4,8,1,481
0,4,1,041
1,9,1,191
2,7,1,271
4,1,7,417
2,7,3,273
5,0,2,502
9,3,3,933
6,8,8,688
4,3,7,437
4,8,2,482
9,1,5,915
2,9,1,291
9,4,8,948
6,1,5,615
3,7,1,371
5,2,9,529
5,2,8,528
5,9,7,597
2,5,3,253
5,1,2,512
3,9,4,394
5,8,2,582
5,8,8,588
9,9,3,993
4,5,1,451
3,0,8,308
5,6,5,565
6,6,8,668
2,5,4,254
0,5,3,053
0,6,0,060
0,3,3,033
6,6,7,667
5,5,0,550
4,7,8,478
8,7,1,871
5,1,1,511
0,9,9,099
6,0,4,604
7,0,2,702
2,2,5,225
1,1,6,116
9,7,2,972
9,2,2,922
7,4,3,743
3,1,8,318
8,2,8,828
5,4,4,544
0,6,1,061
7,8,8,788
0,8,9,089
3,7,4,374
9,1,2,912
2,1,2,212
0,8,3,083
0,5,5,055
4,7,9,479
0,4,7,047
7,0,8,708
2,3,6,236
5,4,4,544
2,9,6,296
9,8,8,988
5,1,2,512
8,3,4,834
2,7,1,271
5,9,3,593
0,4,2,042
9,1,7,917
3,2,3,323
1,5,7,157
6,8,7,687
4,5,6,456
1,9,5,195
5,3,4,534
4,8,6,486
2,3,0,230
1,9,0,190
5,2,8,528
3,5,0,350
8,5,8,858
5,5,7,557
1,6,4,164
9,8,7,987
6,4,9,649
1,5,7,157
0,6,0,060
5,2,3,523
8,2,4,824
5,2,1,521
1,2,4,124
9,2,4,924
6,1,7,617
6,3,0,630
5,5,9,559
8,0,5,805
7,2,6,726
8,6,4,864
9,2,7,927
3,4,7,347
6,6,8,668
4,5,5,455
4,4,8,448
3,2,3,323
2,3,8,238
5,3,7,537
8,6,8,868
2,7,3,273
7,5,4,754
1,9,0,190
4,8,0,480
6,5,9,659
5,7,0,570
9,1,1,911
5,2,3,523
0,9,9,099
2,5,1,251
5,9,9,599
8,9,0,890
9,8,9,989
0,4,5,045
8,1,8,818
7,2,9,729
9,2,0,920
9,0,2,902
3,6,3,363
0,5,7,057
6,8,5,685
4,4,8,448
3,7,4,374
6,6,8,668
6,6,1,661
1,8,3,183
6,0,0,600
0,3,3,033
9,4,0,940
8,5,1,851
9,4,1,941
0,4,5,045
1,7,6,176
3,8,4,384
5,9,8,598
1,7,2,172
2,2,0,220
5,1,9,519
3,5,6,356
2,3,7,237
9,1,2,912
1,4,4,144
9,9,0,990
5,2,1,521
5,7,0,570
0,1,0,010
5,3,5,535
2,4,0,240
3,4,0,340
7,9,7,797
2,5,7,257
3,5,7,357
2,2,3,223
8,0,8,808
3,5,6,356
9,0,4,904
8,0,1,801
7,7,9,779
4,0,5,405
4,6,3,463
3,8,8,388
0,3,6,036
5,5,9,559
8,8,6,886
0,0,6,006
4,5,1,451
6,5,3,653
2,8,2,282
2,4,7,247
8,0,7,807
2,7,1,271
4,9,1,491
7,6,9,769
9,8,3,983
5,6,3,563
4,8,4,484
0,5,5,055
3,6,5,365
4,3,0,430
2,2,1,221
7,6,7,767
3,8,1,381
6,9,8,698
3,2,3,323
3,9,3,393
2,8,5,285
6,7,3,673
2,2,1,221
5,7,6,576
5,6,2,562
3,5,5,355
1,2,1,121
6,8,4,684
4,9,3,493
3,3,2,332
7,7,4,774
2,3,0,230
5,2,4,524
4,6,3,463
2,9,7,297
2,8,1,281
2,1,3,213
5,6,5,565
3,1,9,319
5,6,9,569
5,7,1,571
5,5,0,550
9,8,9,989
9,1,4,914
4,8,5,485
7,9,9,799
9,5,0,950
3,6,1,361
0,9,1,091
4,7,0,470
1,8,6,186
3,4,5,345
3,0,9,309
4,9,5,495
1,1,4,114
2,2,2,222
1,0,6,106
6,6,1,661
4,5,5,455
7,2,8,728
0,3,5,035
5,4,4,544
5,2,4,524
7,7,4,774
6,0,3,603
3,1,8,318
0,4,1,041
3,4,2,342
6,1,5,615
7,6,6,766
2,6,3,263
2,0,5,205
8,6,1,861
0,3,2,032
1,5,6,156
9,1,2,912
6,9,2,692
7,7,9,779
4,9,3,493
4,7,9,479
9,3,1,931
5,4,0,540
6,3,4,634
6,7,6,676
2,2,5,225
3,8,0,380
9,2,7,927
6,8,9,689
3,9,1,391
0,6,0,060
0,4,4,044
5,6,6,566
8,4,1,841
0,6,4,064
2,4,3,243
2,2,4,224
8,1,8,818
5,0,3,503
6,3,5,635
8,7,9,879
6,8,1,681
2,8,1,281
7,5,3,753
7,5,7,757
6,3,8,638
5,9,8,598
5,5,6,556
0,9,6,096
2,0,5,205
1,8,9,189
7,9,7,797
5,1,4,514
5,5,3,553
5,1,6,516
9,3,6,936
9,0,2,902
9,7,3,973
2,0,0,200
8,5,0,850
3,4,1,341
7,1,4,714
2,7,4,274
8,5,3,853
8,0,4,804
2,5,1,251
4,8,5,485
3,9,4,394
1,7,8,178
1,8,5,185
6,2,3,623
8,1,4,814
4,0,3,403
6,5,1,651
0,2,1,021
2,3,0,230
1,0,4,104
7,0,4,704
6,7,0,670
6,5,9,659
1,8,1,181
6,8,9,689
6,3,2,632
2,3,3,233
1,1,9,119
8,9,3,893
2,0,1,201
8,0,4,804
9,4,1,941
4,0,2,402
0,2,0,020
0,4,7,047
2,6,7,267
1,9,9,199
7,2,5,725
5,9,0,590
5,8,9,589
2,4,0,240
2,9,5,295
3,7,3,373
5,0,1,501
8,5,2,852
6,5,1,651
7,5,9,759
6,8,4,684
0,3,6,036
2,1,6,216
8,6,3,863
8,4,4,844
8,2,2,822
0,8,7,087
7,8,3,783
5,9,1,591
9,7,6,976
6,1,5,615
6,4,0,640
8,3,2,832
6,4,7,647
3,7,5,375
8,1,0,810
7,9,2,792
1,6,2,162
4,5,3,453
5,2,6,526
8,2,3,823
2,5,4,254
7,2,3,723
3,7,9,379
2,0,9,209
4,4,1,441
4,7,9,479
4,6,1,461
3,8,6,386
0,7,0,070
2,1,8,218
4,6,9,469
5,3,0,530
7,0,9,709
5,2,7,527
6,2,8,628
1,0,1,101
4,4,2,442
0,8,9,089
0,5,7,057
6,0,5,605
0,8,3,083
7,2,1,721
9,7,7,977
6,0,2,602
8,5,4,854
6,2,9,629
9,7,2,972
1,9,7,197
3,2,7,327
5,4,5,545
9,1,8,918
8,8,3,883
5,0,2,502
2,1,7,217
6,1,6,616
9,7,8,978
0,0,4,004
4,8,2,482
3,3,5,335
9,3,0,930
7,4,6,746
7,8,9,789
0,0,5,005
4,2,3,423
8,0,9,809
8,8,8,888
5,0,4,504
9,5,4,954
6,7,8,678
7,2,0,720
1,3,9,139
3,8,9,389
5,5,6,556
3,6,9,369
4,6,6,466
3,3,9,339
8,0,5,805
5,0,4,504
4,3,0,430
3,6,3,363
2,3,9,239
5,6,3,563
8,8,3,883
8,2,5,825
6,7,6,676
0,4,0,040
0,3,2,032
2,8,8,288
6,8,9,689
7,4,9,749
5,7,1,571
2,2,4,224
0,1,3,013
9,7,9,979
4,0,4,404
3,4,7,347
0,9,5,095
1,3,7,137
7,2,0,720
7,9,0,790
6,1,5,615
7,2,2,722
3,5,6,356
2,3,1,231
7,0,3,703
2,9,7,297
5,4,3,543
6,3,3,633
6,3,0,630
3,8,1,381
9,0,4,904
7,8,8,788
4,6,0,460
2,1,1,211
5,7,2,572
0,7,8,078
6,4,3,643
5,7,9,579
6,1,5,615
1,8,4,184
5,7,7,577
3,0,9,309
4,2,6,426
6,4,7,647
4,1,2,412
5,1,4,514
2,7,9,279
1,9,9,199
5,0,8,508
5,7,7,577
5,8,4,584
1,2,2,122
7,8,8,788
2,7,9,279
0,4,4,044
8,0,6,806
8,5,9,859
1,3,3,133
1,1,4,114
0,2,2,022
9,1,3,913
5,4,1,541
9,7,9,979
8,9,6,896
5,4,7,547
6,6,1,661
0,3,5,035
1,6,4,164
3,0,5,305
4,3,4,434
4,3,5,435
6,6,0,660
0,6,6,066
9,6,5,965
9,8,1,981
5,5,4,554
3,0,3,303
0,8,4,084
8,6,3,863
9,4,0,940
1,9,6,196
6,0,4,604
6,6,7,667
8,7,4,874
7,8,3,783
1,5,6,156
8,0,2,802
4,2,7,427
7,8,3,783
1,6,6,166
1,0,0,100
6,3,5,635
1,2,9,129
0,3,3,033
6,4,1,641
8,2,9,829
0,0,0,000
5,4,9,549
4,1,4,414
1,6,1,161
6,1,2,612
9,3,5,935
5,9,4,594
8,7,1,871
2,3,7,237
0,0,4,004
9,9,1,991
1,0,0,100
5,9,0,590
0,6,9,069
5,9,6,596
9,6,1,961
5,0,7,507
3,4,8,348
1,5,0,150
1,9,7,197
2,8,2,282
1,6,0,160
4,9,7,497
9,1,8,918
7,7,1,771
1,9,9,199
8,6,3,863
4,0,4,404
1,9,7,197
1,9,0,190
0,4,3,043
1,5,2,152
6,4,1,641
5,8,8,588
8,6,6,866
1,2,4,124
0,4,9,049
4,7,2,472
9,3,2,932
2,7,0,270
4,0,3,403
9,7,6,976
2,9,7,297
0,1,1,011
9,6,7,967
7,6,4,764
3,9,5,395
4,8,8,488
3,2,3,323
9,7,9,979
6,1,3,613
2,2,5,225
1,4,0,140
1,2,6,126
7,0,9,709
8,0,5,805
2,1,8,218
5,8,1,581
6,5,1,651
4,3,4,434
5,3,4,534
5,6,8,568
3,6,3,363
3,6,9,369
6,7,0,670
8,4,0,840
3,7,9,379
0,3,4,034
5,8,6,586
7,5,4,754
4,7,5,475
0,3,7,037
0,5,9,059
9,3,5,935
4,9,9,499
5,5,0,550
0,7,4,074
5,4,8,548
4,8,9,489
6,2,7,627
1,5,7,157
6,2,0,620
6,4,8,648
4,9,6,496
2,9,5,295
3,3,9,339
0,0,3,003
1,4,0,140
4,0,4,404
6,5,1,651
0,7,0,070
0,8,6,086
7,7,9,779
8,8,2,882
4,3,5,435
4,5,9,459
9,9,7,997
7,5,4,754
4,5,8,458
8,5,1,851
3,9,8,398
3,5,8,358
4,1,1,411
7,8,1,781
5,2,9,529
4,2,2,422
4,1,7,417
2,7,9,279
9,7,5,975
9,2,8,928
6,7,1,671
7,6,7,767
5,1,9,519
2,9,2,292
3,7,3,373
8,3,0,830
4,2,8,428
6,7,1,671
1,8,0,180
5,9,0,590
7,9,0,790
5,0,0,500
2,2,4,224
8,5,2,852
5,3,8,538
7,7,9,779
5,6,1,561
4,0,5,405
2,7,4,274
2,4,2,242
3,4,9,349
1,5,5,155
8,5,9,859
0,1,8,018
9,7,9,979
0,1,0,010
9,5,9,959
8,3,7,837
7,3,9,739
7,6,9,769
2,4,4,244
7,9,1,791
6,9,9,699
0,2,6,026
0,3,3,033
7,7,2,772
1,4,8,148
5,6,8,568
0,4,3,043
4,5,5,455
0,5,4,054
3,3,3,333
3,7,1,371
6,8,7,687
5,1,5,515
8,2,3,823
5,8,8,588
8,7,7,877
3,4,5,345
2,9,7,297
7,2,3,723
2,4,8,248
6,9,1,691
2,6,3,263
5,8,2,582
8,1,0,810
4,0,2,402
1,3,6,136
2,6,1,261
4,0,4,404
4,2,4,424
1,1,5,115
3,6,3,363
9,3,3,933
6,2,7,627
8,6,7,867
0,6,8,068
6,0,5,605
8,8,0,880
2,8,7,287
6,6,2,662
5,4,4,544
3,4,3,343
3,0,7,307
1,6,1,161
7,0,0,700
3,8,6,386
0,1,5,015
1,7,9,179
6,5,2,652
4,7,8,478
6,0,3,603
2,9,9,299
5,9,8,598
7,2,5,725
6,8,8,688
1,9,1,191
1,9,9,199
2,9,5,295
4,7,9,479
1,3,0,130
2,1,6,216
2,1,6,216
1,1,5,115
8,5,2,852
8,9,0,890
6,4,1,641
8,5,8,858
2,5,3,253
6,1,6,616
7,3,2,732
4,8,3,483
6,4,0,640
3,4,9,349
8,2,8,828
7,8,6,786
0,3,7,037
3,9,1,391
8,8,4,884
7,6,5,765
2,6,7,267
6,8,4,684
5,7,1,571
1,3,0,130
4,1,2,412
0,9,2,092
3,4,8,348
4,0,1,401
2,1,2,212
8,1,3,813
1,2,5,125
1,0,9,109
5,8,7,587
8,3,7,837
2,4,1,241
2,2,9,229
0,9,7,097
8,3,5,835
1,5,0,150
9,9,1,991
2,9,4,294
0,3,0,030
7,9,1,791
1,2,3,123
8,5,2,852
4,6,9,469
0,5,4,054
2,1,3,213
7,8,1,781
2,5,6,256
7,9,4,794
6,5,2,652
6,6,5,665
0,8,8,088
5,9,4,594
9,8,6,986
6,7,3,673
7,6,4,764
6,2,2,622
8,1,8,818
6,4,5,645
9,3,0,930
4,5,9,459
0,3,3,033
7,7,8,778
7,5,1,751
0,4,2,042
2,1,6,216
0,2,8,028
6,8,8,688
2,4,2,242
9,0,4,904
5,8,4,584
3,1,2,312
4,9,5,495
8,6,9,869
7,1,5,715
6,7,9,679
3,4,5,345
3,2,3,323
7,4,5,745
6,6,6,666
6,4,9,649
1,5,9,159
3,5,2,352
6,8,2,682
5,7,9,579
4,9,3,493
8,0,1,801
3,9,3,393
0,3,1,031
2,5,5,255
0,0,8,008
7,5,0,750
9,3,3,933
9,8,9,989
3,7,6,376
6,9,3,693
6,6,9,669
0,0,7,007
3,9,5,395
3,9,2,392
1,1,7,117
5,1,3,513
1,6,2,162
4,5,5,455
5,8,4,584
8,1,9,819
0,6,7,067
1,5,9,159
0,5,4,054
0,1,9,019
8,5,3,853
4,2,6,426
1,9,2,192
5,3,2,532
4,7,6,476
4,5,9,459
3,5,3,353
3,3,6,336
4,9,5,495
6,0,9,609
3,6,3,363
5,8,5,585
7,3,2,732
4,7,1,471
6,2,4,624
1,9,7,197
9,2,3,923
6,2,3,623
4,2,6,426
6,5,8,658
3,1,7,317
6,4,7,647
5,0,5,505
5,3,1,531
4,2,7,427
8,4,5,845
8,9,3,893
6,2,2,622
5,3,2,532
0,3,3,033
7,5,1,751
6,3,5,635
2,1,3,213
6,0,6,606
8,0,3,803
5,1,1,511
2,5,8,258
1,0,6,106
3,5,7,357
8,6,1,861
6,9,2,692
6,1,8,618
4,5,8,458
9,2,4,924
0,3,5,035
8,1,7,817
4,2,6,426
8,0,3,803
7,8,6,786
2,0,3,203
8,2,4,824
4,0,7,407
8,1,8,818
1,9,9,199
5,4,0,540
1,2,9,129
3,2,1,321
6,6,4,664
0,9,5,095
4,1,1,411
0,2,2,022
3,2,8,328
4,8,0,480
6,5,4,654
6,6,1,661
4,2,1,421
5,3,1,531
1,5,4,154
1,8,5,185
9,3,8,938
5,5,1,551
0,2,5,025
8,5,5,855
6,1,3,613
0,8,3,083
4,6,4,464
7,2,7,727
4,8,1,481
3,0,1,301
7,8,6,786
5,5,9,559
5,8,3,583
3,5,6,356
4,3,6,436
7,9,9,799
3,9,2,392
9,4,7,947
6,9,0,690
8,5,9,859
7,5,7,757
3,8,6,386
7,8,1,781
6,5,6,656
1,6,7,167
7,3,4,734
2,1,3,213
0,5,2,052
9,0,4,904
0,1,4,014
7,7,8,778
6,4,1,641
8,8,6,886
8,2,9,829
4,2,8,428
3,2,5,325
0,8,8,088
3,4,2,342
5,7,7,577
8,6,9,869
5,2,8,528
3,9,5,395
9,8,1,981
5,8,5,585
7,2,5,725
4,2,2,422
4,8,8,488
4,0,3,403
9,0,9,909
5,6,5,565
2,1,1,211
2,1,4,214
8,8,6,886
5,0,5,505
5,2,7,527
1,0,3,103
6,1,5,615
7,3,3,733
9,0,5,905
8,9,1,891
1,6,0,160
3,6,5,365
6,0,1,601
1,9,6,196
4,3,7,437
7,8,1,781
4,6,5,465
7,1,0,710
1,1,6,116
1,0,1,101
4,3,0,430
8,1,1,811
1,2,8,128
8,1,7,817
1,8,2,182
2,8,7,287
6,5,9,659
7,2,9,729
7,8,7,787
8,4,7,847
1,0,6,106
0,1,9,019
0,7,1,071
3,3,8,338
3,7,1,371
3,5,3,353
6,0,6,606
0,1,1,011
0,8,0,080
2,3,3,233
6,3,9,639
7,6,6,766
0,1,8,018
9,5,2,952
0,3,1,031
9,7,2,972
8,3,5,835
7,9,3,793
9,7,8,978
4,0,3,403
2,2,6,226
6,8,7,687
7,1,6,716
7,5,0,750
9,1,5,915
9,6,7,967
5,6,3,563
8,4,6,846
6,5,6,656
8,4,4,844
0,9,7,097
3,8,3,383
2,7,7,277
3,9,0,390
9,7,0,970
9,6,8,968
5,8,6,586
9,9,5,995
5,3,0,530
0,6,0,060
7,4,0,740
1,2,7,127
9,8,0,980
2,8,5,285
0,7,3,073
2,5,3,253
1,3,4,134
4,7,2,472
4,7,6,476
9,4,5,945
1,7,1,171
5,8,2,582
1,7,5,175
6,3,0,630
8,4,6,846
6,0,2,602
1,3,6,136
8,1,6,816
6,8,7,687
2,3,4,234
8,0,5,805
6,8,8,688
8,3,3,833
0,1,1,011
2,6,7,267
1,5,1,151
1,8,6,186
3,7,6,376
7,6,3,763
0,7,4,074
6,3,6,636
6,2,5,625
1,5,2,152
7,7,0,770
7,5,5,755
8,0,5,805
7,1,7,717
4,2,4,424
6,5,7,657
9,7,2,972
7,6,3,763
5,4,8,548
1,1,1,111
7,6,2,762
2,6,9,269
1,3,4,134
4,9,0,490
7,2,7,727
0,8,5,085
7,4,0,740
7,8,6,786
3,4,3,343
7,5,3,753
5,0,0,500
9,7,6,976
1,3,5,135
5,7,8,578
0,5,1,051
9,1,1,911
1,3,6,136
8,1,7,817
2,5,6,256
3,1,8,318
5,0,4,504
3,5,6,356
3,5,9,359
7,6,1,761
6,3,1,631
9,2,1,921
2,2,5,225
8,2,0,820
5,6,7,567
1,2,2,122
0,3,3,033
4,8,4,484
8,6,5,865
7,2,4,724
5,8,9,589
1,4,2,142
7,6,4,764
5,1,2,512
3,4,4,344
8,8,2,882
2,3,0,230
7,5,1,751
7,1,9,719
9,5,2,952
3,8,5,385
6,5,5,655
5,9,2,592
6,0,8,608
4,1,3,413
3,7,9,379
1,5,2,152
8,2,7,827
5,2,4,524
5,2,2,522
6,2,6,626
1,5,9,159
0,3,2,032
8,4,1,841
7,4,8,748
4,7,3,473
1,9,7,197
1,2,9,129
3,1,1,311
1,4,4,144
7,0,1,701
9,7,3,973
1,1,0,110
2,9,3,293
7,3,8,738
3,0,6,306
3,2,2,322
3,9,6,396
4,6,8,468
4,1,6,416
8,1,3,813
7,9,1,791
2,6,8,268
6,0,5,605
5,8,3,583
5,1,3,513
0,2,9,029
1,6,7,167
3,4,7,347
0,4,8,048
4,8,1,481
9,3,1,931
1,7,0,170
5,0,5,505
1,6,3,163
9,5,7,957
1,8,2,182
0,8,4,084
2,3,4,234
4,1,6,416
5,4,7,547
6,7,9,679
8,1,5,815
3,0,7,307
8,2,8,828
5,3,8,538
8,9,7,897
9,4,5,945
5,7,8,578
6,0,9,609
7,8,1,781
3,8,7,387
1,1,0,110
6,0,8,608
0,7,3,073
6,0,2,602
7,9,6,796
6,8,7,687
3,1,7,317
2,0,2,202
9,3,7,937
7,9,8,798
0,1,3,013
1,7,4,174
0,2,5,025
2,3,8,238
3,8,7,387
5,9,8,598
1,4,9,149
0,4,8,048
3,7,8,378
2,8,0,280
7,1,5,715
4,1,7,417
2,5,3,253
5,4,5,545
5,8,5,585
2,9,0,290
7,9,9,799
1,2,1,121
4,6,0,460
4,7,1,471
3,4,0,340
6,0,3,603
2,5,1,251
2,1,5,215
3,4,5,345
9,7,5,975
9,4,1,941
2,6,4,264
8,9,3,893
3,6,9,369
3,1,3,313
3,9,9,399
5,3,0,530
6,5,8,658
8,3,4,834
7,4,1,741
4,8,4,484
3,4,3,343
2,3,2,232
1,2,0,120
9,4,3,943
8,9,3,893
5,9,4,594
7,7,2,772
7,4,8,748
7,7,3,773
5,7,6,576
9,7,2,972
7,6,0,760
9,8,0,980
7,4,2,742
8,7,0,870
4,3,9,439
6,6,2,662
0,6,5,065
5,2,6,526
4,1,8,418
5,5,6,556
1,7,4,174
8,4,1,841
0,5,6,056
6,5,0,650
9,8,5,985
1,8,7,187
3,7,3,373
9,4,1,941
6,4,1,641
0,7,4,074
2,4,0,240
6,5,4,654
1,2,4,124
4,1,9,419
1,1,0,110
7,2,6,726
5,4,6,546
1,8,3,183
1,7,4,174
8,4,5,845
9,5,4,954
0,7,9,079
7,9,2,792
0,1,1,011
9,4,4,944
8,0,8,808
3,3,5,335
5,5,6,556
7,9,1,791
3,1,6,316
6,8,1,681
5,8,6,586
0,8,2,082
9,6,8,968
8,9,3,893
9,4,2,942
8,9,1,891
1,1,0,110
2,0,5,205
9,4,3,943
1,2,5,125
1,5,9,159
3,3,6,336
3,5,7,357
4,2,4,424
7,2,4,724
1,4,0,140
6,3,2,632
4,7,5,475
9,5,4,954
7,9,9,799
6,7,1,671
5,6,6,566
8,5,4,854
8,1,3,813
6,3,2,632
9,6,4,964
5,2,8,528
9,1,2,912
0,5,9,059
4,2,7,427
2,3,1,231
8,3,2,832
7,4,4,744
4,0,2,402
9,5,3,953
8,2,6,826
3,9,2,392
5,4,8,548
6,1,0,610
2,2,7,227
9,4,8,948
8,4,3,843
1,3,7,137
3,1,5,315
3,2,0,320
4,8,0,480
4,7,7,477
8,7,4,874
4,1,1,411
8,0,3,803
2,0,1,201
3,7,7,377
8,3,8,838
2,7,0,270
3,8,5,385
0,9,5,095
9,3,0,930
9,9,2,992
2,6,1,261
6,4,9,649
2,6,8,268
9,3,4,934
0,6,1,061
9,6,0,960
1,7,6,176
7,2,5,725
5,8,9,589
7,5,5,755
8,8,4,884
8,7,6,876
6,7,4,674
5,2,8,528
5,3,7,537
8,8,7,887
2,2,9,229
6,5,7,657
3,2,8,328
3,9,9,399
0,4,4,044
5,1,4,514
0,8,4,084
4,5,4,454
1,1,6,116
1,4,9,149
4,1,3,413
8,1,7,817
7,1,0,710
0,5,1,051
5,1,6,516
4,1,8,418
9,5,3,953
4,7,6,476
9,6,7,967
2,1,6,216
7,7,6,776
6,6,8,668
8,5,4,854
8,3,6,836
5,5,6,556
7,0,5,705
4,5,5,455
9,5,4,954
9,4,2,942
4,8,9,489
7,9,2,792
2,7,1,271
2,4,3,243
4,2,4,424
6,4,0,640
3,4,1,341
2,2,9,229
1,0,2,102
5,2,9,529
1,5,3,153
7,3,1,731
5,6,7,567
7,4,0,740
0,4,4,044
0,3,8,038
2,0,5,205
1,3,3,133
0,7,3,073
3,7,6,376
4,0,8,408
2,1,5,215
4,0,8,408
6,0,4,604
7,4,6,746
0,9,7,097
5,8,3,583
2,1,4,214
9,6,6,966
2,0,1,201
5,6,9,569
8,2,3,823
7,4,5,745
2,8,8,288
0,0,1,001
5,7,5,575
4,6,0,460
7,1,1,711
0,8,4,084
5,8,1,581
8,6,2,862
5,0,8,508
6,2,0,620
0,2,6,026
9,3,6,936
2,4,9,249
0,7,0,070
5,7,7,577
5,0,4,504
6,2,7,627
4,5,5,455
4,4,2,442
9,5,2,952
5,9,2,592
0,4,9,049
6,4,3,643
3,3,4,334
3,6,1,361
0,2,9,029
0,3,7,037
9,6,3,963
8,7,5,875
2,8,2,282
4,4,7,447
4,4,4,444
3,1,5,315
3,8,0,380
0,9,2,092
4,7,8,478
3,7,4,374
2,9,5,295
2,5,1,251
3,3,2,332
8,2,4,824
0,9,6,096
3,9,0,390
2,5,8,258
6,7,2,672
1,9,0,190
8,6,9,869
7,0,6,706
9,0,0,900
8,0,6,806
9,6,2,962
8,3,8,838
4,5,2,452
4,6,3,463
5,0,1,501
4,7,0,470
5,8,0,580
5,9,5,595
9,4,0,940
3,3,5,335
7,4,7,747
7,4,9,749
9,0,1,901
1,7,3,173
3,6,0,360
6,4,0,640
8,8,8,888
3,8,5,385
9,7,3,973
4,9,5,495
8,5,5,855
3,5,6,356
0,4,0,040
3,3,8,338
8,6,5,865
0,7,7,077
2,3,6,236
3,8,8,388
6,3,2,632
7,8,9,789
